<annotation>
<folder>cam_145</folder>
<filename>2019-12-30_10_50_01_camera_145.jpg</filename>
<path>C:\Users\10716\OneDrive\Desktop\test_cam\cam_145\2019-12-30_10_50_01_camera_145.jpg</path>
<source>
    <database>Unknown</database>
</source>
<size>
    <width>1920</width>
    <height>1080</height>
    <depth>3</depth>
</size>

<segmented>0</segmented>
    <object>
    <name>car</name>
    <pose>Unspecified</pose>
    <truncated>0</truncated>
    <difficult>0</difficult>
    <bndbox>
        <xmin>1262</xmin>
        <ymin>532</ymin>
        <xmax>1330</xmax>
        <ymax>596</ymax>
    </bndbox>
</object>
    <object>
    <name>car</name>
    <pose>Unspecified</pose>
    <truncated>0</truncated>
    <difficult>0</difficult>
    <bndbox>
        <xmin>1274</xmin>
        <ymin>336</ymin>
        <xmax>1306</xmax>
        <ymax>368</ymax>
    </bndbox>
</object>
    <object>
    <name>car</name>
    <pose>Unspecified</pose>
    <truncated>0</truncated>
    <difficult>0</difficult>
    <bndbox>
        <xmin>1402</xmin>
        <ymin>232</ymin>
        <xmax>1426</xmax>
        <ymax>248</ymax>
    </bndbox>
</object>
    <object>
    <name>car</name>
    <pose>Unspecified</pose>
    <truncated>0</truncated>
    <difficult>0</difficult>
    <bndbox>
        <xmin>1198</xmin>
        <ymin>500</ymin>
        <xmax>1258</xmax>
        <ymax>548</ymax>
    </bndbox>
</object>
    <object>
    <name>car</name>
    <pose>Unspecified</pose>
    <truncated>0</truncated>
    <difficult>0</difficult>
    <bndbox>
        <xmin>1078</xmin>
        <ymin>452</ymin>
        <xmax>1170</xmax>
        <ymax>544</ymax>
    </bndbox>
</object>
    <object>
    <name>car</name>
    <pose>Unspecified</pose>
    <truncated>0</truncated>
    <difficult>0</difficult>
    <bndbox>
        <xmin>1022</xmin>
        <ymin>780</ymin>
        <xmax>1150</xmax>
        <ymax>908</ymax>
    </bndbox>
</object>
    <object>
    <name>car</name>
    <pose>Unspecified</pose>
    <truncated>0</truncated>
    <difficult>0</difficult>
    <bndbox>
        <xmin>346</xmin>
        <ymin>536</ymin>
        <xmax>442</xmax>
        <ymax>604</ymax>
    </bndbox>
</object>
    <object>
    <name>car</name>
    <pose>Unspecified</pose>
    <truncated>0</truncated>
    <difficult>0</difficult>
    <bndbox>
        <xmin>826</xmin>
        <ymin>436</ymin>
        <xmax>890</xmax>
        <ymax>492</ymax>
    </bndbox>
</object>
    <object>
    <name>car</name>
    <pose>Unspecified</pose>
    <truncated>0</truncated>
    <difficult>0</difficult>
    <bndbox>
        <xmin>994</xmin>
        <ymin>336</ymin>
        <xmax>1026</xmax>
        <ymax>372</ymax>
    </bndbox>
</object>
    <object>
    <name>car</name>
    <pose>Unspecified</pose>
    <truncated>0</truncated>
    <difficult>0</difficult>
    <bndbox>
        <xmin>998</xmin>
        <ymin>296</ymin>
        <xmax>1022</xmax>
        <ymax>320</ymax>
    </bndbox>
</object>
    <object>
    <name>car</name>
    <pose>Unspecified</pose>
    <truncated>0</truncated>
    <difficult>0</difficult>
    <bndbox>
        <xmin>1027</xmin>
        <ymin>202</ymin>
        <xmax>1045</xmax>
        <ymax>222</ymax>
    </bndbox>
</object>
    <object>
    <name>car</name>
    <pose>Unspecified</pose>
    <truncated>0</truncated>
    <difficult>0</difficult>
    <bndbox>
        <xmin>1227</xmin>
        <ymin>193</ymin>
        <xmax>1245</xmax>
        <ymax>208</ymax>
    </bndbox>
</object>
    <object>
    <name>car</name>
    <pose>Unspecified</pose>
    <truncated>0</truncated>
    <difficult>0</difficult>
    <bndbox>
        <xmin>1221</xmin>
        <ymin>168</ymin>
        <xmax>1238</xmax>
        <ymax>182</ymax>
    </bndbox>
</object>
    <object>
    <name>car</name>
    <pose>Unspecified</pose>
    <truncated>0</truncated>
    <difficult>0</difficult>
    <bndbox>
        <xmin>1178</xmin>
        <ymin>177</ymin>
        <xmax>1196</xmax>
        <ymax>193</ymax>
    </bndbox>
</object>
    <object>
    <name>car</name>
    <pose>Unspecified</pose>
    <truncated>0</truncated>
    <difficult>0</difficult>
    <bndbox>
        <xmin>1092</xmin>
        <ymin>197</ymin>
        <xmax>1105</xmax>
        <ymax>213</ymax>
    </bndbox>
</object>
</annotation>