<annotation>
<folder>cam_145</folder>
<filename>2019-12-31_08_50_01_camera_145.jpg</filename>
<path>C:\Users\10716\OneDrive\Desktop\test_cam\cam_145\2019-12-31_08_50_01_camera_145.jpg</path>
<source>
    <database>Unknown</database>
</source>
<size>
    <width>1920</width>
    <height>1080</height>
    <depth>3</depth>
</size>

<segmented>0</segmented>
    <object>
    <name>car</name>
    <pose>Unspecified</pose>
    <truncated>0</truncated>
    <difficult>0</difficult>
    <bndbox>
        <xmin>938</xmin>
        <ymin>768</ymin>
        <xmax>1066</xmax>
        <ymax>876</ymax>
    </bndbox>
</object>
    <object>
    <name>car</name>
    <pose>Unspecified</pose>
    <truncated>0</truncated>
    <difficult>0</difficult>
    <bndbox>
        <xmin>646</xmin>
        <ymin>856</ymin>
        <xmax>802</xmax>
        <ymax>988</ymax>
    </bndbox>
</object>
    <object>
    <name>car</name>
    <pose>Unspecified</pose>
    <truncated>0</truncated>
    <difficult>0</difficult>
    <bndbox>
        <xmin>390</xmin>
        <ymin>668</ymin>
        <xmax>530</xmax>
        <ymax>760</ymax>
    </bndbox>
</object>
    <object>
    <name>car</name>
    <pose>Unspecified</pose>
    <truncated>0</truncated>
    <difficult>0</difficult>
    <bndbox>
        <xmin>306</xmin>
        <ymin>536</ymin>
        <xmax>426</xmax>
        <ymax>616</ymax>
    </bndbox>
</object>
    <object>
    <name>car</name>
    <pose>Unspecified</pose>
    <truncated>0</truncated>
    <difficult>0</difficult>
    <bndbox>
        <xmin>790</xmin>
        <ymin>428</ymin>
        <xmax>846</xmax>
        <ymax>472</ymax>
    </bndbox>
</object>
    <object>
    <name>car</name>
    <pose>Unspecified</pose>
    <truncated>0</truncated>
    <difficult>0</difficult>
    <bndbox>
        <xmin>1321</xmin>
        <ymin>270</ymin>
        <xmax>1346</xmax>
        <ymax>292</ymax>
    </bndbox>
</object>
    <object>
    <name>car</name>
    <pose>Unspecified</pose>
    <truncated>0</truncated>
    <difficult>0</difficult>
    <bndbox>
        <xmin>1068</xmin>
        <ymin>260</ymin>
        <xmax>1091</xmax>
        <ymax>282</ymax>
    </bndbox>
</object>
    <object>
    <name>car</name>
    <pose>Unspecified</pose>
    <truncated>0</truncated>
    <difficult>0</difficult>
    <bndbox>
        <xmin>1086</xmin>
        <ymin>225</ymin>
        <xmax>1103</xmax>
        <ymax>245</ymax>
    </bndbox>
</object>
    <object>
    <name>car</name>
    <pose>Unspecified</pose>
    <truncated>0</truncated>
    <difficult>0</difficult>
    <bndbox>
        <xmin>1056</xmin>
        <ymin>222</ymin>
        <xmax>1071</xmax>
        <ymax>235</ymax>
    </bndbox>
</object>
    <object>
    <name>car</name>
    <pose>Unspecified</pose>
    <truncated>0</truncated>
    <difficult>0</difficult>
    <bndbox>
        <xmin>1016</xmin>
        <ymin>180</ymin>
        <xmax>1046</xmax>
        <ymax>235</ymax>
    </bndbox>
</object>
    <object>
    <name>car</name>
    <pose>Unspecified</pose>
    <truncated>0</truncated>
    <difficult>0</difficult>
    <bndbox>
        <xmin>1058</xmin>
        <ymin>197</ymin>
        <xmax>1073</xmax>
        <ymax>215</ymax>
    </bndbox>
</object>
    <object>
    <name>car</name>
    <pose>Unspecified</pose>
    <truncated>0</truncated>
    <difficult>0</difficult>
    <bndbox>
        <xmin>1083</xmin>
        <ymin>182</ymin>
        <xmax>1101</xmax>
        <ymax>195</ymax>
    </bndbox>
</object>
    <object>
    <name>car</name>
    <pose>Unspecified</pose>
    <truncated>0</truncated>
    <difficult>0</difficult>
    <bndbox>
        <xmin>1077</xmin>
        <ymin>163</ymin>
        <xmax>1092</xmax>
        <ymax>178</ymax>
    </bndbox>
</object>
</annotation>