<annotation>
<folder>cam_145</folder>
<filename>2019-12-30_13_30_02_camera_145.jpg</filename>
<path>C:\Users\10716\OneDrive\Desktop\test_cam\cam_145\2019-12-30_13_30_02_camera_145.jpg</path>
<source>
    <database>Unknown</database>
</source>
<size>
    <width>1920</width>
    <height>1080</height>
    <depth>3</depth>
</size>

<segmented>0</segmented>
    <object>
    <name>car</name>
    <pose>Unspecified</pose>
    <truncated>0</truncated>
    <difficult>0</difficult>
    <bndbox>
        <xmin>1026</xmin>
        <ymin>560</ymin>
        <xmax>1102</xmax>
        <ymax>616</ymax>
    </bndbox>
</object>
    <object>
    <name>car</name>
    <pose>Unspecified</pose>
    <truncated>0</truncated>
    <difficult>0</difficult>
    <bndbox>
        <xmin>958</xmin>
        <ymin>768</ymin>
        <xmax>1082</xmax>
        <ymax>880</ymax>
    </bndbox>
</object>
    <object>
    <name>car</name>
    <pose>Unspecified</pose>
    <truncated>0</truncated>
    <difficult>0</difficult>
    <bndbox>
        <xmin>1250</xmin>
        <ymin>384</ymin>
        <xmax>1286</xmax>
        <ymax>420</ymax>
    </bndbox>
</object>
    <object>
    <name>car</name>
    <pose>Unspecified</pose>
    <truncated>0</truncated>
    <difficult>0</difficult>
    <bndbox>
        <xmin>950</xmin>
        <ymin>324</ymin>
        <xmax>986</xmax>
        <ymax>352</ymax>
    </bndbox>
</object>
    <object>
    <name>car</name>
    <pose>Unspecified</pose>
    <truncated>0</truncated>
    <difficult>0</difficult>
    <bndbox>
        <xmin>726</xmin>
        <ymin>424</ymin>
        <xmax>786</xmax>
        <ymax>464</ymax>
    </bndbox>
</object>
    <object>
    <name>car</name>
    <pose>Unspecified</pose>
    <truncated>0</truncated>
    <difficult>0</difficult>
    <bndbox>
        <xmin>574</xmin>
        <ymin>516</ymin>
        <xmax>690</xmax>
        <ymax>588</ymax>
    </bndbox>
</object>
    <object>
    <name>car</name>
    <pose>Unspecified</pose>
    <truncated>0</truncated>
    <difficult>0</difficult>
    <bndbox>
        <xmin>546</xmin>
        <ymin>596</ymin>
        <xmax>650</xmax>
        <ymax>676</ymax>
    </bndbox>
</object>
    <object>
    <name>car</name>
    <pose>Unspecified</pose>
    <truncated>0</truncated>
    <difficult>0</difficult>
    <bndbox>
        <xmin>1041</xmin>
        <ymin>242</ymin>
        <xmax>1063</xmax>
        <ymax>260</ymax>
    </bndbox>
</object>
    <object>
    <name>car</name>
    <pose>Unspecified</pose>
    <truncated>0</truncated>
    <difficult>0</difficult>
    <bndbox>
        <xmin>1054</xmin>
        <ymin>202</ymin>
        <xmax>1072</xmax>
        <ymax>220</ymax>
    </bndbox>
</object>
    <object>
    <name>car</name>
    <pose>Unspecified</pose>
    <truncated>0</truncated>
    <difficult>0</difficult>
    <bndbox>
        <xmin>1058</xmin>
        <ymin>168</ymin>
        <xmax>1074</xmax>
        <ymax>180</ymax>
    </bndbox>
</object>
    <object>
    <name>car</name>
    <pose>Unspecified</pose>
    <truncated>0</truncated>
    <difficult>0</difficult>
    <bndbox>
        <xmin>1030</xmin>
        <ymin>142</ymin>
        <xmax>1043</xmax>
        <ymax>155</ymax>
    </bndbox>
</object>
    <object>
    <name>car</name>
    <pose>Unspecified</pose>
    <truncated>0</truncated>
    <difficult>0</difficult>
    <bndbox>
        <xmin>896</xmin>
        <ymin>140</ymin>
        <xmax>907</xmax>
        <ymax>153</ymax>
    </bndbox>
</object>
</annotation>