<annotation>
<folder>cam_145</folder>
<filename>2019-12-28_10_30_01_camera_145.jpg</filename>
<path>C:\Users\10716\OneDrive\Desktop\test_cam\cam_145\2019-12-28_10_30_01_camera_145.jpg</path>
<source>
    <database>Unknown</database>
</source>
<size>
    <width>1920</width>
    <height>1080</height>
    <depth>3</depth>
</size>

<segmented>0</segmented>
    <object>
    <name>car</name>
    <pose>Unspecified</pose>
    <truncated>0</truncated>
    <difficult>0</difficult>
    <bndbox>
        <xmin>1326</xmin>
        <ymin>420</ymin>
        <xmax>1374</xmax>
        <ymax>468</ymax>
    </bndbox>
</object>
    <object>
    <name>car</name>
    <pose>Unspecified</pose>
    <truncated>0</truncated>
    <difficult>0</difficult>
    <bndbox>
        <xmin>1170</xmin>
        <ymin>512</ymin>
        <xmax>1234</xmax>
        <ymax>564</ymax>
    </bndbox>
</object>
    <object>
    <name>car</name>
    <pose>Unspecified</pose>
    <truncated>0</truncated>
    <difficult>0</difficult>
    <bndbox>
        <xmin>206</xmin>
        <ymin>692</ymin>
        <xmax>366</xmax>
        <ymax>792</ymax>
    </bndbox>
</object>
    <object>
    <name>car</name>
    <pose>Unspecified</pose>
    <truncated>0</truncated>
    <difficult>0</difficult>
    <bndbox>
        <xmin>1026</xmin>
        <ymin>209</ymin>
        <xmax>1041</xmax>
        <ymax>224</ymax>
    </bndbox>
</object>
    <object>
    <name>car</name>
    <pose>Unspecified</pose>
    <truncated>0</truncated>
    <difficult>0</difficult>
    <bndbox>
        <xmin>1059</xmin>
        <ymin>194</ymin>
        <xmax>1074</xmax>
        <ymax>206</ymax>
    </bndbox>
</object>
    <object>
    <name>car</name>
    <pose>Unspecified</pose>
    <truncated>0</truncated>
    <difficult>0</difficult>
    <bndbox>
        <xmin>1029</xmin>
        <ymin>182</ymin>
        <xmax>1044</xmax>
        <ymax>194</ymax>
    </bndbox>
</object>
</annotation>