<annotation>
<folder>cam_145</folder>
<filename>2019-12-28_11_30_01_camera_145.jpg</filename>
<path>C:\Users\10716\OneDrive\Desktop\test_cam\cam_145\2019-12-28_11_30_01_camera_145.jpg</path>
<source>
    <database>Unknown</database>
</source>
<size>
    <width>1920</width>
    <height>1080</height>
    <depth>3</depth>
</size>

<segmented>0</segmented>
    <object>
    <name>car</name>
    <pose>Unspecified</pose>
    <truncated>0</truncated>
    <difficult>0</difficult>
    <bndbox>
        <xmin>1334</xmin>
        <ymin>328</ymin>
        <xmax>1366</xmax>
        <ymax>360</ymax>
    </bndbox>
</object>
    <object>
    <name>car</name>
    <pose>Unspecified</pose>
    <truncated>0</truncated>
    <difficult>0</difficult>
    <bndbox>
        <xmin>1326</xmin>
        <ymin>292</ymin>
        <xmax>1354</xmax>
        <ymax>316</ymax>
    </bndbox>
</object>
    <object>
    <name>car</name>
    <pose>Unspecified</pose>
    <truncated>0</truncated>
    <difficult>0</difficult>
    <bndbox>
        <xmin>1270</xmin>
        <ymin>288</ymin>
        <xmax>1298</xmax>
        <ymax>316</ymax>
    </bndbox>
</object>
    <object>
    <name>car</name>
    <pose>Unspecified</pose>
    <truncated>0</truncated>
    <difficult>0</difficult>
    <bndbox>
        <xmin>1234</xmin>
        <ymin>268</ymin>
        <xmax>1262</xmax>
        <ymax>296</ymax>
    </bndbox>
</object>
    <object>
    <name>car</name>
    <pose>Unspecified</pose>
    <truncated>0</truncated>
    <difficult>0</difficult>
    <bndbox>
        <xmin>870</xmin>
        <ymin>368</ymin>
        <xmax>922</xmax>
        <ymax>412</ymax>
    </bndbox>
</object>
    <object>
    <name>car</name>
    <pose>Unspecified</pose>
    <truncated>0</truncated>
    <difficult>0</difficult>
    <bndbox>
        <xmin>1030</xmin>
        <ymin>252</ymin>
        <xmax>1054</xmax>
        <ymax>276</ymax>
    </bndbox>
</object>
    <object>
    <name>car</name>
    <pose>Unspecified</pose>
    <truncated>0</truncated>
    <difficult>0</difficult>
    <bndbox>
        <xmin>1394</xmin>
        <ymin>232</ymin>
        <xmax>1410</xmax>
        <ymax>256</ymax>
    </bndbox>
</object>
    <object>
    <name>car</name>
    <pose>Unspecified</pose>
    <truncated>0</truncated>
    <difficult>0</difficult>
    <bndbox>
        <xmin>1302</xmin>
        <ymin>236</ymin>
        <xmax>1326</xmax>
        <ymax>256</ymax>
    </bndbox>
</object>
    <object>
    <name>car</name>
    <pose>Unspecified</pose>
    <truncated>0</truncated>
    <difficult>0</difficult>
    <bndbox>
        <xmin>1278</xmin>
        <ymin>212</ymin>
        <xmax>1302</xmax>
        <ymax>232</ymax>
    </bndbox>
</object>
    <object>
    <name>car</name>
    <pose>Unspecified</pose>
    <truncated>0</truncated>
    <difficult>0</difficult>
    <bndbox>
        <xmin>1262</xmin>
        <ymin>240</ymin>
        <xmax>1286</xmax>
        <ymax>268</ymax>
    </bndbox>
</object>
    <object>
    <name>car</name>
    <pose>Unspecified</pose>
    <truncated>0</truncated>
    <difficult>0</difficult>
    <bndbox>
        <xmin>702</xmin>
        <ymin>524</ymin>
        <xmax>782</xmax>
        <ymax>580</ymax>
    </bndbox>
</object>
    <object>
    <name>car</name>
    <pose>Unspecified</pose>
    <truncated>0</truncated>
    <difficult>0</difficult>
    <bndbox>
        <xmin>734</xmin>
        <ymin>896</ymin>
        <xmax>926</xmax>
        <ymax>1060</ymax>
    </bndbox>
</object>
</annotation>