<annotation>
<folder>cam_145</folder>
<filename>2019-12-28_12_30_01_camera_145.jpg</filename>
<path>C:\Users\10716\OneDrive\Desktop\test_cam\cam_145\2019-12-28_12_30_01_camera_145.jpg</path>
<source>
    <database>Unknown</database>
</source>
<size>
    <width>1920</width>
    <height>1080</height>
    <depth>3</depth>
</size>

<segmented>0</segmented>
    <object>
    <name>car</name>
    <pose>Unspecified</pose>
    <truncated>0</truncated>
    <difficult>0</difficult>
    <bndbox>
        <xmin>1110</xmin>
        <ymin>464</ymin>
        <xmax>1166</xmax>
        <ymax>520</ymax>
    </bndbox>
</object>
    <object>
    <name>car</name>
    <pose>Unspecified</pose>
    <truncated>0</truncated>
    <difficult>0</difficult>
    <bndbox>
        <xmin>1234</xmin>
        <ymin>436</ymin>
        <xmax>1282</xmax>
        <ymax>476</ymax>
    </bndbox>
</object>
    <object>
    <name>car</name>
    <pose>Unspecified</pose>
    <truncated>0</truncated>
    <difficult>0</difficult>
    <bndbox>
        <xmin>1282</xmin>
        <ymin>344</ymin>
        <xmax>1314</xmax>
        <ymax>380</ymax>
    </bndbox>
</object>
    <object>
    <name>car</name>
    <pose>Unspecified</pose>
    <truncated>0</truncated>
    <difficult>0</difficult>
    <bndbox>
        <xmin>1322</xmin>
        <ymin>288</ymin>
        <xmax>1350</xmax>
        <ymax>316</ymax>
    </bndbox>
</object>
    <object>
    <name>car</name>
    <pose>Unspecified</pose>
    <truncated>0</truncated>
    <difficult>0</difficult>
    <bndbox>
        <xmin>1222</xmin>
        <ymin>288</ymin>
        <xmax>1250</xmax>
        <ymax>316</ymax>
    </bndbox>
</object>
    <object>
    <name>car</name>
    <pose>Unspecified</pose>
    <truncated>0</truncated>
    <difficult>0</difficult>
    <bndbox>
        <xmin>1202</xmin>
        <ymin>356</ymin>
        <xmax>1238</xmax>
        <ymax>388</ymax>
    </bndbox>
</object>
    <object>
    <name>car</name>
    <pose>Unspecified</pose>
    <truncated>0</truncated>
    <difficult>0</difficult>
    <bndbox>
        <xmin>1282</xmin>
        <ymin>252</ymin>
        <xmax>1302</xmax>
        <ymax>276</ymax>
    </bndbox>
</object>
    <object>
    <name>car</name>
    <pose>Unspecified</pose>
    <truncated>0</truncated>
    <difficult>0</difficult>
    <bndbox>
        <xmin>1262</xmin>
        <ymin>176</ymin>
        <xmax>1302</xmax>
        <ymax>228</ymax>
    </bndbox>
</object>
    <object>
    <name>car</name>
    <pose>Unspecified</pose>
    <truncated>0</truncated>
    <difficult>0</difficult>
    <bndbox>
        <xmin>1250</xmin>
        <ymin>220</ymin>
        <xmax>1270</xmax>
        <ymax>236</ymax>
    </bndbox>
</object>
    <object>
    <name>car</name>
    <pose>Unspecified</pose>
    <truncated>0</truncated>
    <difficult>0</difficult>
    <bndbox>
        <xmin>1130</xmin>
        <ymin>984</ymin>
        <xmax>1270</xmax>
        <ymax>1076</ymax>
    </bndbox>
</object>
    <object>
    <name>car</name>
    <pose>Unspecified</pose>
    <truncated>0</truncated>
    <difficult>0</difficult>
    <bndbox>
        <xmin>926</xmin>
        <ymin>640</ymin>
        <xmax>1030</xmax>
        <ymax>716</ymax>
    </bndbox>
</object>
    <object>
    <name>car</name>
    <pose>Unspecified</pose>
    <truncated>0</truncated>
    <difficult>0</difficult>
    <bndbox>
        <xmin>754</xmin>
        <ymin>920</ymin>
        <xmax>922</xmax>
        <ymax>1064</ymax>
    </bndbox>
</object>
    <object>
    <name>car</name>
    <pose>Unspecified</pose>
    <truncated>0</truncated>
    <difficult>0</difficult>
    <bndbox>
        <xmin>566</xmin>
        <ymin>452</ymin>
        <xmax>642</xmax>
        <ymax>508</ymax>
    </bndbox>
</object>
    <object>
    <name>car</name>
    <pose>Unspecified</pose>
    <truncated>0</truncated>
    <difficult>0</difficult>
    <bndbox>
        <xmin>874</xmin>
        <ymin>372</ymin>
        <xmax>930</xmax>
        <ymax>416</ymax>
    </bndbox>
</object>
</annotation>