<annotation>
<folder>cam_145</folder>
<filename>2019-12-30_12_40_02_camera_145.jpg</filename>
<path>C:\Users\10716\OneDrive\Desktop\test_cam\cam_145\2019-12-30_12_40_02_camera_145.jpg</path>
<source>
    <database>Unknown</database>
</source>
<size>
    <width>1920</width>
    <height>1080</height>
    <depth>3</depth>
</size>

<segmented>0</segmented>
    <object>
    <name>car</name>
    <pose>Unspecified</pose>
    <truncated>0</truncated>
    <difficult>0</difficult>
    <bndbox>
        <xmin>1230</xmin>
        <ymin>600</ymin>
        <xmax>1302</xmax>
        <ymax>672</ymax>
    </bndbox>
</object>
    <object>
    <name>car</name>
    <pose>Unspecified</pose>
    <truncated>0</truncated>
    <difficult>0</difficult>
    <bndbox>
        <xmin>1190</xmin>
        <ymin>496</ymin>
        <xmax>1246</xmax>
        <ymax>544</ymax>
    </bndbox>
</object>
    <object>
    <name>car</name>
    <pose>Unspecified</pose>
    <truncated>0</truncated>
    <difficult>0</difficult>
    <bndbox>
        <xmin>1330</xmin>
        <ymin>444</ymin>
        <xmax>1374</xmax>
        <ymax>484</ymax>
    </bndbox>
</object>
    <object>
    <name>car</name>
    <pose>Unspecified</pose>
    <truncated>0</truncated>
    <difficult>0</difficult>
    <bndbox>
        <xmin>1330</xmin>
        <ymin>304</ymin>
        <xmax>1378</xmax>
        <ymax>380</ymax>
    </bndbox>
</object>
    <object>
    <name>car</name>
    <pose>Unspecified</pose>
    <truncated>0</truncated>
    <difficult>0</difficult>
    <bndbox>
        <xmin>1282</xmin>
        <ymin>312</ymin>
        <xmax>1314</xmax>
        <ymax>336</ymax>
    </bndbox>
</object>
    <object>
    <name>car</name>
    <pose>Unspecified</pose>
    <truncated>0</truncated>
    <difficult>0</difficult>
    <bndbox>
        <xmin>994</xmin>
        <ymin>592</ymin>
        <xmax>1078</xmax>
        <ymax>656</ymax>
    </bndbox>
</object>
    <object>
    <name>car</name>
    <pose>Unspecified</pose>
    <truncated>0</truncated>
    <difficult>0</difficult>
    <bndbox>
        <xmin>246</xmin>
        <ymin>620</ymin>
        <xmax>382</xmax>
        <ymax>712</ymax>
    </bndbox>
</object>
    <object>
    <name>car</name>
    <pose>Unspecified</pose>
    <truncated>0</truncated>
    <difficult>0</difficult>
    <bndbox>
        <xmin>810</xmin>
        <ymin>412</ymin>
        <xmax>862</xmax>
        <ymax>456</ymax>
    </bndbox>
</object>
    <object>
    <name>car</name>
    <pose>Unspecified</pose>
    <truncated>0</truncated>
    <difficult>0</difficult>
    <bndbox>
        <xmin>986</xmin>
        <ymin>344</ymin>
        <xmax>1022</xmax>
        <ymax>376</ymax>
    </bndbox>
</object>
    <object>
    <name>car</name>
    <pose>Unspecified</pose>
    <truncated>0</truncated>
    <difficult>0</difficult>
    <bndbox>
        <xmin>1210</xmin>
        <ymin>350</ymin>
        <xmax>1246</xmax>
        <ymax>382</ymax>
    </bndbox>
</object>
    <object>
    <name>car</name>
    <pose>Unspecified</pose>
    <truncated>0</truncated>
    <difficult>0</difficult>
    <bndbox>
        <xmin>1218</xmin>
        <ymin>295</ymin>
        <xmax>1250</xmax>
        <ymax>324</ymax>
    </bndbox>
</object>
    <object>
    <name>car</name>
    <pose>Unspecified</pose>
    <truncated>0</truncated>
    <difficult>0</difficult>
    <bndbox>
        <xmin>1312</xmin>
        <ymin>257</ymin>
        <xmax>1336</xmax>
        <ymax>280</ymax>
    </bndbox>
</object>
    <object>
    <name>car</name>
    <pose>Unspecified</pose>
    <truncated>0</truncated>
    <difficult>0</difficult>
    <bndbox>
        <xmin>1270</xmin>
        <ymin>266</ymin>
        <xmax>1296</xmax>
        <ymax>288</ymax>
    </bndbox>
</object>
    <object>
    <name>car</name>
    <pose>Unspecified</pose>
    <truncated>0</truncated>
    <difficult>0</difficult>
    <bndbox>
        <xmin>1236</xmin>
        <ymin>173</ymin>
        <xmax>1256</xmax>
        <ymax>193</ymax>
    </bndbox>
</object>
    <object>
    <name>car</name>
    <pose>Unspecified</pose>
    <truncated>0</truncated>
    <difficult>0</difficult>
    <bndbox>
        <xmin>1256</xmin>
        <ymin>197</ymin>
        <xmax>1274</xmax>
        <ymax>211</ymax>
    </bndbox>
</object>
    <object>
    <name>car</name>
    <pose>Unspecified</pose>
    <truncated>0</truncated>
    <difficult>0</difficult>
    <bndbox>
        <xmin>1061</xmin>
        <ymin>180</ymin>
        <xmax>1074</xmax>
        <ymax>193</ymax>
    </bndbox>
</object>
    <object>
    <name>car</name>
    <pose>Unspecified</pose>
    <truncated>0</truncated>
    <difficult>0</difficult>
    <bndbox>
        <xmin>1174</xmin>
        <ymin>173</ymin>
        <xmax>1187</xmax>
        <ymax>186</ymax>
    </bndbox>
</object>
    <object>
    <name>car</name>
    <pose>Unspecified</pose>
    <truncated>0</truncated>
    <difficult>0</difficult>
    <bndbox>
        <xmin>1205</xmin>
        <ymin>162</ymin>
        <xmax>1218</xmax>
        <ymax>173</ymax>
    </bndbox>
</object>
    <object>
    <name>car</name>
    <pose>Unspecified</pose>
    <truncated>0</truncated>
    <difficult>0</difficult>
    <bndbox>
        <xmin>1183</xmin>
        <ymin>162</ymin>
        <xmax>1196</xmax>
        <ymax>173</ymax>
    </bndbox>
</object>
</annotation>