<annotation>
<folder>cam_145</folder>
<filename>2019-12-29_16_30_01_camera_145.jpg</filename>
<path>C:\Users\10716\OneDrive\Desktop\test_cam\cam_145\2019-12-29_16_30_01_camera_145.jpg</path>
<source>
    <database>Unknown</database>
</source>
<size>
    <width>1920</width>
    <height>1080</height>
    <depth>3</depth>
</size>

<segmented>0</segmented>
    <object>
    <name>car</name>
    <pose>Unspecified</pose>
    <truncated>0</truncated>
    <difficult>0</difficult>
    <bndbox>
        <xmin>1298</xmin>
        <ymin>464</ymin>
        <xmax>1350</xmax>
        <ymax>516</ymax>
    </bndbox>
</object>
    <object>
    <name>car</name>
    <pose>Unspecified</pose>
    <truncated>0</truncated>
    <difficult>0</difficult>
    <bndbox>
        <xmin>1334</xmin>
        <ymin>352</ymin>
        <xmax>1366</xmax>
        <ymax>388</ymax>
    </bndbox>
</object>
    <object>
    <name>car</name>
    <pose>Unspecified</pose>
    <truncated>0</truncated>
    <difficult>0</difficult>
    <bndbox>
        <xmin>1286</xmin>
        <ymin>312</ymin>
        <xmax>1318</xmax>
        <ymax>348</ymax>
    </bndbox>
</object>
    <object>
    <name>car</name>
    <pose>Unspecified</pose>
    <truncated>0</truncated>
    <difficult>0</difficult>
    <bndbox>
        <xmin>1218</xmin>
        <ymin>440</ymin>
        <xmax>1266</xmax>
        <ymax>484</ymax>
    </bndbox>
</object>
    <object>
    <name>car</name>
    <pose>Unspecified</pose>
    <truncated>0</truncated>
    <difficult>0</difficult>
    <bndbox>
        <xmin>1326</xmin>
        <ymin>272</ymin>
        <xmax>1350</xmax>
        <ymax>292</ymax>
    </bndbox>
</object>
    <object>
    <name>car</name>
    <pose>Unspecified</pose>
    <truncated>0</truncated>
    <difficult>0</difficult>
    <bndbox>
        <xmin>1310</xmin>
        <ymin>248</ymin>
        <xmax>1334</xmax>
        <ymax>268</ymax>
    </bndbox>
</object>
    <object>
    <name>car</name>
    <pose>Unspecified</pose>
    <truncated>0</truncated>
    <difficult>0</difficult>
    <bndbox>
        <xmin>1066</xmin>
        <ymin>256</ymin>
        <xmax>1090</xmax>
        <ymax>280</ymax>
    </bndbox>
</object>
    <object>
    <name>car</name>
    <pose>Unspecified</pose>
    <truncated>0</truncated>
    <difficult>0</difficult>
    <bndbox>
        <xmin>990</xmin>
        <ymin>288</ymin>
        <xmax>1022</xmax>
        <ymax>320</ymax>
    </bndbox>
</object>
    <object>
    <name>car</name>
    <pose>Unspecified</pose>
    <truncated>0</truncated>
    <difficult>0</difficult>
    <bndbox>
        <xmin>878</xmin>
        <ymin>380</ymin>
        <xmax>922</xmax>
        <ymax>412</ymax>
    </bndbox>
</object>
    <object>
    <name>car</name>
    <pose>Unspecified</pose>
    <truncated>0</truncated>
    <difficult>0</difficult>
    <bndbox>
        <xmin>822</xmin>
        <ymin>372</ymin>
        <xmax>866</xmax>
        <ymax>408</ymax>
    </bndbox>
</object>
    <object>
    <name>car</name>
    <pose>Unspecified</pose>
    <truncated>0</truncated>
    <difficult>0</difficult>
    <bndbox>
        <xmin>274</xmin>
        <ymin>596</ymin>
        <xmax>406</xmax>
        <ymax>688</ymax>
    </bndbox>
</object>
    <object>
    <name>car</name>
    <pose>Unspecified</pose>
    <truncated>0</truncated>
    <difficult>0</difficult>
    <bndbox>
        <xmin>1054</xmin>
        <ymin>220</ymin>
        <xmax>1074</xmax>
        <ymax>240</ymax>
    </bndbox>
</object>
</annotation>