<annotation>
<folder>cam_145</folder>
<filename>2019-12-28_12_15_01_camera_145.jpg</filename>
<path>C:\Users\10716\OneDrive\Desktop\test_cam\cam_145\2019-12-28_12_15_01_camera_145.jpg</path>
<source>
    <database>Unknown</database>
</source>
<size>
    <width>1920</width>
    <height>1080</height>
    <depth>3</depth>
</size>

<segmented>0</segmented>
    <object>
    <name>car</name>
    <pose>Unspecified</pose>
    <truncated>0</truncated>
    <difficult>0</difficult>
    <bndbox>
        <xmin>878</xmin>
        <ymin>380</ymin>
        <xmax>926</xmax>
        <ymax>420</ymax>
    </bndbox>
</object>
    <object>
    <name>car</name>
    <pose>Unspecified</pose>
    <truncated>0</truncated>
    <difficult>0</difficult>
    <bndbox>
        <xmin>750</xmin>
        <ymin>416</ymin>
        <xmax>810</xmax>
        <ymax>452</ymax>
    </bndbox>
</object>
    <object>
    <name>car</name>
    <pose>Unspecified</pose>
    <truncated>0</truncated>
    <difficult>0</difficult>
    <bndbox>
        <xmin>462</xmin>
        <ymin>544</ymin>
        <xmax>570</xmax>
        <ymax>608</ymax>
    </bndbox>
</object>
    <object>
    <name>car</name>
    <pose>Unspecified</pose>
    <truncated>0</truncated>
    <difficult>0</difficult>
    <bndbox>
        <xmin>346</xmin>
        <ymin>616</ymin>
        <xmax>478</xmax>
        <ymax>712</ymax>
    </bndbox>
</object>
    <object>
    <name>car</name>
    <pose>Unspecified</pose>
    <truncated>0</truncated>
    <difficult>0</difficult>
    <bndbox>
        <xmin>2</xmin>
        <ymin>692</ymin>
        <xmax>126</xmax>
        <ymax>816</ymax>
    </bndbox>
</object>
    <object>
    <name>car</name>
    <pose>Unspecified</pose>
    <truncated>0</truncated>
    <difficult>0</difficult>
    <bndbox>
        <xmin>1218</xmin>
        <ymin>240</ymin>
        <xmax>1242</xmax>
        <ymax>260</ymax>
    </bndbox>
</object>
    <object>
    <name>car</name>
    <pose>Unspecified</pose>
    <truncated>0</truncated>
    <difficult>0</difficult>
    <bndbox>
        <xmin>1266</xmin>
        <ymin>244</ymin>
        <xmax>1286</xmax>
        <ymax>268</ymax>
    </bndbox>
</object>
    <object>
    <name>car</name>
    <pose>Unspecified</pose>
    <truncated>0</truncated>
    <difficult>0</difficult>
    <bndbox>
        <xmin>1298</xmin>
        <ymin>232</ymin>
        <xmax>1326</xmax>
        <ymax>256</ymax>
    </bndbox>
</object>
    <object>
    <name>car</name>
    <pose>Unspecified</pose>
    <truncated>0</truncated>
    <difficult>0</difficult>
    <bndbox>
        <xmin>1250</xmin>
        <ymin>220</ymin>
        <xmax>1266</xmax>
        <ymax>232</ymax>
    </bndbox>
</object>
    <object>
    <name>car</name>
    <pose>Unspecified</pose>
    <truncated>0</truncated>
    <difficult>0</difficult>
    <bndbox>
        <xmin>1198</xmin>
        <ymin>168</ymin>
        <xmax>1210</xmax>
        <ymax>180</ymax>
    </bndbox>
</object>
    <object>
    <name>car</name>
    <pose>Unspecified</pose>
    <truncated>0</truncated>
    <difficult>0</difficult>
    <bndbox>
        <xmin>1162</xmin>
        <ymin>160</ymin>
        <xmax>1178</xmax>
        <ymax>176</ymax>
    </bndbox>
</object>
</annotation>