<annotation>
<folder>cam_145</folder>
<filename>2019-12-30_11_30_01_camera_145.jpg</filename>
<path>C:\Users\10716\OneDrive\Desktop\test_cam\cam_145\2019-12-30_11_30_01_camera_145.jpg</path>
<source>
    <database>Unknown</database>
</source>
<size>
    <width>1920</width>
    <height>1080</height>
    <depth>3</depth>
</size>

<segmented>0</segmented>
    <object>
    <name>car</name>
    <pose>Unspecified</pose>
    <truncated>0</truncated>
    <difficult>0</difficult>
    <bndbox>
        <xmin>1102</xmin>
        <ymin>608</ymin>
        <xmax>1182</xmax>
        <ymax>680</ymax>
    </bndbox>
</object>
    <object>
    <name>car</name>
    <pose>Unspecified</pose>
    <truncated>0</truncated>
    <difficult>0</difficult>
    <bndbox>
        <xmin>1318</xmin>
        <ymin>440</ymin>
        <xmax>1362</xmax>
        <ymax>488</ymax>
    </bndbox>
</object>
    <object>
    <name>car</name>
    <pose>Unspecified</pose>
    <truncated>0</truncated>
    <difficult>0</difficult>
    <bndbox>
        <xmin>1058</xmin>
        <ymin>544</ymin>
        <xmax>1134</xmax>
        <ymax>600</ymax>
    </bndbox>
</object>
    <object>
    <name>car</name>
    <pose>Unspecified</pose>
    <truncated>0</truncated>
    <difficult>0</difficult>
    <bndbox>
        <xmin>1334</xmin>
        <ymin>308</ymin>
        <xmax>1362</xmax>
        <ymax>332</ymax>
    </bndbox>
</object>
    <object>
    <name>car</name>
    <pose>Unspecified</pose>
    <truncated>0</truncated>
    <difficult>0</difficult>
    <bndbox>
        <xmin>850</xmin>
        <ymin>356</ymin>
        <xmax>894</xmax>
        <ymax>388</ymax>
    </bndbox>
</object>
    <object>
    <name>car</name>
    <pose>Unspecified</pose>
    <truncated>0</truncated>
    <difficult>0</difficult>
    <bndbox>
        <xmin>734</xmin>
        <ymin>792</ymin>
        <xmax>878</xmax>
        <ymax>900</ymax>
    </bndbox>
</object>
    <object>
    <name>car</name>
    <pose>Unspecified</pose>
    <truncated>0</truncated>
    <difficult>0</difficult>
    <bndbox>
        <xmin>454</xmin>
        <ymin>556</ymin>
        <xmax>550</xmax>
        <ymax>608</ymax>
    </bndbox>
</object>
    <object>
    <name>car</name>
    <pose>Unspecified</pose>
    <truncated>0</truncated>
    <difficult>0</difficult>
    <bndbox>
        <xmin>1040</xmin>
        <ymin>292</ymin>
        <xmax>1068</xmax>
        <ymax>320</ymax>
    </bndbox>
</object>
    <object>
    <name>car</name>
    <pose>Unspecified</pose>
    <truncated>0</truncated>
    <difficult>0</difficult>
    <bndbox>
        <xmin>978</xmin>
        <ymin>308</ymin>
        <xmax>1010</xmax>
        <ymax>336</ymax>
    </bndbox>
</object>
    <object>
    <name>car</name>
    <pose>Unspecified</pose>
    <truncated>0</truncated>
    <difficult>0</difficult>
    <bndbox>
        <xmin>274</xmin>
        <ymin>720</ymin>
        <xmax>442</xmax>
        <ymax>824</ymax>
    </bndbox>
</object>
    <object>
    <name>car</name>
    <pose>Unspecified</pose>
    <truncated>0</truncated>
    <difficult>0</difficult>
    <bndbox>
        <xmin>26</xmin>
        <ymin>752</ymin>
        <xmax>222</xmax>
        <ymax>884</ymax>
    </bndbox>
</object>
    <object>
    <name>car</name>
    <pose>Unspecified</pose>
    <truncated>0</truncated>
    <difficult>0</difficult>
    <bndbox>
        <xmin>1285</xmin>
        <ymin>202</ymin>
        <xmax>1329</xmax>
        <ymax>256</ymax>
    </bndbox>
</object>
    <object>
    <name>car</name>
    <pose>Unspecified</pose>
    <truncated>0</truncated>
    <difficult>0</difficult>
    <bndbox>
        <xmin>1241</xmin>
        <ymin>210</ymin>
        <xmax>1259</xmax>
        <ymax>226</ymax>
    </bndbox>
</object>
    <object>
    <name>car</name>
    <pose>Unspecified</pose>
    <truncated>0</truncated>
    <difficult>0</difficult>
    <bndbox>
        <xmin>1083</xmin>
        <ymin>222</ymin>
        <xmax>1101</xmax>
        <ymax>242</ymax>
    </bndbox>
</object>
    <object>
    <name>car</name>
    <pose>Unspecified</pose>
    <truncated>0</truncated>
    <difficult>0</difficult>
    <bndbox>
        <xmin>1047</xmin>
        <ymin>222</ymin>
        <xmax>1067</xmax>
        <ymax>242</ymax>
    </bndbox>
</object>
    <object>
    <name>car</name>
    <pose>Unspecified</pose>
    <truncated>0</truncated>
    <difficult>0</difficult>
    <bndbox>
        <xmin>1039</xmin>
        <ymin>168</ymin>
        <xmax>1055</xmax>
        <ymax>182</ymax>
    </bndbox>
</object>
    <object>
    <name>car</name>
    <pose>Unspecified</pose>
    <truncated>0</truncated>
    <difficult>0</difficult>
    <bndbox>
        <xmin>1073</xmin>
        <ymin>156</ymin>
        <xmax>1087</xmax>
        <ymax>166</ymax>
    </bndbox>
</object>
    <object>
    <name>car</name>
    <pose>Unspecified</pose>
    <truncated>0</truncated>
    <difficult>0</difficult>
    <bndbox>
        <xmin>1173</xmin>
        <ymin>170</ymin>
        <xmax>1185</xmax>
        <ymax>184</ymax>
    </bndbox>
</object>
</annotation>