<annotation>
<folder>cam_145</folder>
<filename>2019-12-31_08_30_01_camera_145.jpg</filename>
<path>C:\Users\10716\OneDrive\Desktop\test_cam\cam_145\2019-12-31_08_30_01_camera_145.jpg</path>
<source>
    <database>Unknown</database>
</source>
<size>
    <width>1920</width>
    <height>1080</height>
    <depth>3</depth>
</size>

<segmented>0</segmented>
    <object>
    <name>car</name>
    <pose>Unspecified</pose>
    <truncated>0</truncated>
    <difficult>0</difficult>
    <bndbox>
        <xmin>890</xmin>
        <ymin>832</ymin>
        <xmax>1038</xmax>
        <ymax>964</ymax>
    </bndbox>
</object>
    <object>
    <name>car</name>
    <pose>Unspecified</pose>
    <truncated>0</truncated>
    <difficult>0</difficult>
    <bndbox>
        <xmin>790</xmin>
        <ymin>432</ymin>
        <xmax>850</xmax>
        <ymax>476</ymax>
    </bndbox>
</object>
    <object>
    <name>car</name>
    <pose>Unspecified</pose>
    <truncated>0</truncated>
    <difficult>0</difficult>
    <bndbox>
        <xmin>2</xmin>
        <ymin>820</ymin>
        <xmax>126</xmax>
        <ymax>940</ymax>
    </bndbox>
</object>
    <object>
    <name>car</name>
    <pose>Unspecified</pose>
    <truncated>0</truncated>
    <difficult>0</difficult>
    <bndbox>
        <xmin>1416</xmin>
        <ymin>293</ymin>
        <xmax>1441</xmax>
        <ymax>317</ymax>
    </bndbox>
</object>
    <object>
    <name>car</name>
    <pose>Unspecified</pose>
    <truncated>0</truncated>
    <difficult>0</difficult>
    <bndbox>
        <xmin>1410</xmin>
        <ymin>444</ymin>
        <xmax>1456</xmax>
        <ymax>488</ymax>
    </bndbox>
</object>
    <object>
    <name>car</name>
    <pose>Unspecified</pose>
    <truncated>0</truncated>
    <difficult>0</difficult>
    <bndbox>
        <xmin>1238</xmin>
        <ymin>448</ymin>
        <xmax>1285</xmax>
        <ymax>493</ymax>
    </bndbox>
</object>
    <object>
    <name>car</name>
    <pose>Unspecified</pose>
    <truncated>0</truncated>
    <difficult>0</difficult>
    <bndbox>
        <xmin>1025</xmin>
        <ymin>257</ymin>
        <xmax>1052</xmax>
        <ymax>280</ymax>
    </bndbox>
</object>
    <object>
    <name>car</name>
    <pose>Unspecified</pose>
    <truncated>0</truncated>
    <difficult>0</difficult>
    <bndbox>
        <xmin>1230</xmin>
        <ymin>173</ymin>
        <xmax>1245</xmax>
        <ymax>186</ymax>
    </bndbox>
</object>
    <object>
    <name>car</name>
    <pose>Unspecified</pose>
    <truncated>0</truncated>
    <difficult>0</difficult>
    <bndbox>
        <xmin>1176</xmin>
        <ymin>157</ymin>
        <xmax>1192</xmax>
        <ymax>171</ymax>
    </bndbox>
</object>
</annotation>