<annotation>
<folder>cam_145</folder>
<filename>2019-12-29_12_10_01_camera_145.jpg</filename>
<path>C:\Users\10716\OneDrive\Desktop\test_cam\cam_145\2019-12-29_12_10_01_camera_145.jpg</path>
<source>
    <database>Unknown</database>
</source>
<size>
    <width>1920</width>
    <height>1080</height>
    <depth>3</depth>
</size>

<segmented>0</segmented>
    <object>
    <name>car</name>
    <pose>Unspecified</pose>
    <truncated>0</truncated>
    <difficult>0</difficult>
    <bndbox>
        <xmin>1142</xmin>
        <ymin>452</ymin>
        <xmax>1190</xmax>
        <ymax>492</ymax>
    </bndbox>
</object>
    <object>
    <name>car</name>
    <pose>Unspecified</pose>
    <truncated>0</truncated>
    <difficult>0</difficult>
    <bndbox>
        <xmin>1262</xmin>
        <ymin>360</ymin>
        <xmax>1298</xmax>
        <ymax>396</ymax>
    </bndbox>
</object>
    <object>
    <name>car</name>
    <pose>Unspecified</pose>
    <truncated>0</truncated>
    <difficult>0</difficult>
    <bndbox>
        <xmin>1322</xmin>
        <ymin>284</ymin>
        <xmax>1354</xmax>
        <ymax>304</ymax>
    </bndbox>
</object>
    <object>
    <name>car</name>
    <pose>Unspecified</pose>
    <truncated>0</truncated>
    <difficult>0</difficult>
    <bndbox>
        <xmin>934</xmin>
        <ymin>752</ymin>
        <xmax>1058</xmax>
        <ymax>856</ymax>
    </bndbox>
</object>
    <object>
    <name>car</name>
    <pose>Unspecified</pose>
    <truncated>0</truncated>
    <difficult>0</difficult>
    <bndbox>
        <xmin>830</xmin>
        <ymin>428</ymin>
        <xmax>894</xmax>
        <ymax>496</ymax>
    </bndbox>
</object>
    <object>
    <name>car</name>
    <pose>Unspecified</pose>
    <truncated>0</truncated>
    <difficult>0</difficult>
    <bndbox>
        <xmin>674</xmin>
        <ymin>452</ymin>
        <xmax>742</xmax>
        <ymax>492</ymax>
    </bndbox>
</object>
    <object>
    <name>car</name>
    <pose>Unspecified</pose>
    <truncated>0</truncated>
    <difficult>0</difficult>
    <bndbox>
        <xmin>850</xmin>
        <ymin>348</ymin>
        <xmax>894</xmax>
        <ymax>388</ymax>
    </bndbox>
</object>
    <object>
    <name>car</name>
    <pose>Unspecified</pose>
    <truncated>0</truncated>
    <difficult>0</difficult>
    <bndbox>
        <xmin>970</xmin>
        <ymin>364</ymin>
        <xmax>1010</xmax>
        <ymax>396</ymax>
    </bndbox>
</object>
    <object>
    <name>car</name>
    <pose>Unspecified</pose>
    <truncated>0</truncated>
    <difficult>0</difficult>
    <bndbox>
        <xmin>982</xmin>
        <ymin>304</ymin>
        <xmax>1018</xmax>
        <ymax>336</ymax>
    </bndbox>
</object>
    <object>
    <name>car</name>
    <pose>Unspecified</pose>
    <truncated>0</truncated>
    <difficult>0</difficult>
    <bndbox>
        <xmin>1070</xmin>
        <ymin>264</ymin>
        <xmax>1098</xmax>
        <ymax>296</ymax>
    </bndbox>
</object>
    <object>
    <name>car</name>
    <pose>Unspecified</pose>
    <truncated>0</truncated>
    <difficult>0</difficult>
    <bndbox>
        <xmin>1086</xmin>
        <ymin>236</ymin>
        <xmax>1110</xmax>
        <ymax>260</ymax>
    </bndbox>
</object>
    <object>
    <name>car</name>
    <pose>Unspecified</pose>
    <truncated>0</truncated>
    <difficult>0</difficult>
    <bndbox>
        <xmin>1030</xmin>
        <ymin>252</ymin>
        <xmax>1050</xmax>
        <ymax>276</ymax>
    </bndbox>
</object>
    <object>
    <name>car</name>
    <pose>Unspecified</pose>
    <truncated>0</truncated>
    <difficult>0</difficult>
    <bndbox>
        <xmin>1390</xmin>
        <ymin>236</ymin>
        <xmax>1410</xmax>
        <ymax>256</ymax>
    </bndbox>
</object>
</annotation>