<annotation>
<folder>cam_145</folder>
<filename>2019-12-30_16_20_01_camera_145.jpg</filename>
<path>C:\Users\10716\OneDrive\Desktop\test_cam\cam_145\2019-12-30_16_20_01_camera_145.jpg</path>
<source>
    <database>Unknown</database>
</source>
<size>
    <width>1920</width>
    <height>1080</height>
    <depth>3</depth>
</size>

<segmented>0</segmented>
    <object>
    <name>car</name>
    <pose>Unspecified</pose>
    <truncated>0</truncated>
    <difficult>0</difficult>
    <bndbox>
        <xmin>1234</xmin>
        <ymin>424</ymin>
        <xmax>1282</xmax>
        <ymax>464</ymax>
    </bndbox>
</object>
    <object>
    <name>car</name>
    <pose>Unspecified</pose>
    <truncated>0</truncated>
    <difficult>0</difficult>
    <bndbox>
        <xmin>1330</xmin>
        <ymin>380</ymin>
        <xmax>1374</xmax>
        <ymax>424</ymax>
    </bndbox>
</object>
    <object>
    <name>car</name>
    <pose>Unspecified</pose>
    <truncated>0</truncated>
    <difficult>0</difficult>
    <bndbox>
        <xmin>1222</xmin>
        <ymin>296</ymin>
        <xmax>1250</xmax>
        <ymax>320</ymax>
    </bndbox>
</object>
    <object>
    <name>car</name>
    <pose>Unspecified</pose>
    <truncated>0</truncated>
    <difficult>0</difficult>
    <bndbox>
        <xmin>1270</xmin>
        <ymin>280</ymin>
        <xmax>1298</xmax>
        <ymax>304</ymax>
    </bndbox>
</object>
    <object>
    <name>car</name>
    <pose>Unspecified</pose>
    <truncated>0</truncated>
    <difficult>0</difficult>
    <bndbox>
        <xmin>562</xmin>
        <ymin>500</ymin>
        <xmax>642</xmax>
        <ymax>556</ymax>
    </bndbox>
</object>
    <object>
    <name>car</name>
    <pose>Unspecified</pose>
    <truncated>0</truncated>
    <difficult>0</difficult>
    <bndbox>
        <xmin>770</xmin>
        <ymin>352</ymin>
        <xmax>818</xmax>
        <ymax>380</ymax>
    </bndbox>
</object>
    <object>
    <name>car</name>
    <pose>Unspecified</pose>
    <truncated>0</truncated>
    <difficult>0</difficult>
    <bndbox>
        <xmin>450</xmin>
        <ymin>588</ymin>
        <xmax>558</xmax>
        <ymax>676</ymax>
    </bndbox>
</object>
    <object>
    <name>car</name>
    <pose>Unspecified</pose>
    <truncated>0</truncated>
    <difficult>0</difficult>
    <bndbox>
        <xmin>222</xmin>
        <ymin>624</ymin>
        <xmax>370</xmax>
        <ymax>720</ymax>
    </bndbox>
</object>
    <object>
    <name>car</name>
    <pose>Unspecified</pose>
    <truncated>0</truncated>
    <difficult>0</difficult>
    <bndbox>
        <xmin>1066</xmin>
        <ymin>267</ymin>
        <xmax>1088</xmax>
        <ymax>287</ymax>
    </bndbox>
</object>
    <object>
    <name>car</name>
    <pose>Unspecified</pose>
    <truncated>0</truncated>
    <difficult>0</difficult>
    <bndbox>
        <xmin>1018</xmin>
        <ymin>260</ymin>
        <xmax>1043</xmax>
        <ymax>282</ymax>
    </bndbox>
</object>
    <object>
    <name>car</name>
    <pose>Unspecified</pose>
    <truncated>0</truncated>
    <difficult>0</difficult>
    <bndbox>
        <xmin>1261</xmin>
        <ymin>235</ymin>
        <xmax>1288</xmax>
        <ymax>260</ymax>
    </bndbox>
</object>
    <object>
    <name>car</name>
    <pose>Unspecified</pose>
    <truncated>0</truncated>
    <difficult>0</difficult>
    <bndbox>
        <xmin>1066</xmin>
        <ymin>195</ymin>
        <xmax>1078</xmax>
        <ymax>207</ymax>
    </bndbox>
</object>
    <object>
    <name>car</name>
    <pose>Unspecified</pose>
    <truncated>0</truncated>
    <difficult>0</difficult>
    <bndbox>
        <xmin>1036</xmin>
        <ymin>184</ymin>
        <xmax>1052</xmax>
        <ymax>197</ymax>
    </bndbox>
</object>
</annotation>