<annotation>
<folder>cam_145</folder>
<filename>2019-12-30_16_30_01_camera_145.jpg</filename>
<path>C:\Users\10716\OneDrive\Desktop\test_cam\cam_145\2019-12-30_16_30_01_camera_145.jpg</path>
<source>
    <database>Unknown</database>
</source>
<size>
    <width>1920</width>
    <height>1080</height>
    <depth>3</depth>
</size>

<segmented>0</segmented>
    <object>
    <name>car</name>
    <pose>Unspecified</pose>
    <truncated>0</truncated>
    <difficult>0</difficult>
    <bndbox>
        <xmin>1174</xmin>
        <ymin>396</ymin>
        <xmax>1218</xmax>
        <ymax>436</ymax>
    </bndbox>
</object>
    <object>
    <name>car</name>
    <pose>Unspecified</pose>
    <truncated>0</truncated>
    <difficult>0</difficult>
    <bndbox>
        <xmin>1270</xmin>
        <ymin>328</ymin>
        <xmax>1302</xmax>
        <ymax>356</ymax>
    </bndbox>
</object>
    <object>
    <name>car</name>
    <pose>Unspecified</pose>
    <truncated>0</truncated>
    <difficult>0</difficult>
    <bndbox>
        <xmin>1334</xmin>
        <ymin>296</ymin>
        <xmax>1358</xmax>
        <ymax>316</ymax>
    </bndbox>
</object>
    <object>
    <name>car</name>
    <pose>Unspecified</pose>
    <truncated>0</truncated>
    <difficult>0</difficult>
    <bndbox>
        <xmin>1090</xmin>
        <ymin>616</ymin>
        <xmax>1170</xmax>
        <ymax>680</ymax>
    </bndbox>
</object>
    <object>
    <name>car</name>
    <pose>Unspecified</pose>
    <truncated>0</truncated>
    <difficult>0</difficult>
    <bndbox>
        <xmin>1138</xmin>
        <ymin>720</ymin>
        <xmax>1254</xmax>
        <ymax>832</ymax>
    </bndbox>
</object>
    <object>
    <name>car</name>
    <pose>Unspecified</pose>
    <truncated>0</truncated>
    <difficult>0</difficult>
    <bndbox>
        <xmin>474</xmin>
        <ymin>564</ymin>
        <xmax>570</xmax>
        <ymax>640</ymax>
    </bndbox>
</object>
    <object>
    <name>car</name>
    <pose>Unspecified</pose>
    <truncated>0</truncated>
    <difficult>0</difficult>
    <bndbox>
        <xmin>558</xmin>
        <ymin>500</ymin>
        <xmax>646</xmax>
        <ymax>548</ymax>
    </bndbox>
</object>
    <object>
    <name>car</name>
    <pose>Unspecified</pose>
    <truncated>0</truncated>
    <difficult>0</difficult>
    <bndbox>
        <xmin>910</xmin>
        <ymin>392</ymin>
        <xmax>958</xmax>
        <ymax>432</ymax>
    </bndbox>
</object>
    <object>
    <name>car</name>
    <pose>Unspecified</pose>
    <truncated>0</truncated>
    <difficult>0</difficult>
    <bndbox>
        <xmin>910</xmin>
        <ymin>336</ymin>
        <xmax>950</xmax>
        <ymax>364</ymax>
    </bndbox>
</object>
    <object>
    <name>car</name>
    <pose>Unspecified</pose>
    <truncated>0</truncated>
    <difficult>0</difficult>
    <bndbox>
        <xmin>1014</xmin>
        <ymin>272</ymin>
        <xmax>1042</xmax>
        <ymax>296</ymax>
    </bndbox>
</object>
    <object>
    <name>car</name>
    <pose>Unspecified</pose>
    <truncated>0</truncated>
    <difficult>0</difficult>
    <bndbox>
        <xmin>1043</xmin>
        <ymin>230</ymin>
        <xmax>1061</xmax>
        <ymax>250</ymax>
    </bndbox>
</object>
    <object>
    <name>car</name>
    <pose>Unspecified</pose>
    <truncated>0</truncated>
    <difficult>0</difficult>
    <bndbox>
        <xmin>1016</xmin>
        <ymin>225</ymin>
        <xmax>1033</xmax>
        <ymax>242</ymax>
    </bndbox>
</object>
    <object>
    <name>car</name>
    <pose>Unspecified</pose>
    <truncated>0</truncated>
    <difficult>0</difficult>
    <bndbox>
        <xmin>1241</xmin>
        <ymin>210</ymin>
        <xmax>1261</xmax>
        <ymax>225</ymax>
    </bndbox>
</object>
    <object>
    <name>car</name>
    <pose>Unspecified</pose>
    <truncated>0</truncated>
    <difficult>0</difficult>
    <bndbox>
        <xmin>1056</xmin>
        <ymin>170</ymin>
        <xmax>1073</xmax>
        <ymax>187</ymax>
    </bndbox>
</object>
</annotation>