<annotation>
<folder>cam_145</folder>
<filename>2019-12-29_09_55_01_camera_145.jpg</filename>
<path>C:\Users\10716\OneDrive\Desktop\test_cam\cam_145\2019-12-29_09_55_01_camera_145.jpg</path>
<source>
    <database>Unknown</database>
</source>
<size>
    <width>1920</width>
    <height>1080</height>
    <depth>3</depth>
</size>

<segmented>0</segmented>
    <object>
    <name>car</name>
    <pose>Unspecified</pose>
    <truncated>0</truncated>
    <difficult>0</difficult>
    <bndbox>
        <xmin>866</xmin>
        <ymin>416</ymin>
        <xmax>926</xmax>
        <ymax>468</ymax>
    </bndbox>
</object>
    <object>
    <name>car</name>
    <pose>Unspecified</pose>
    <truncated>0</truncated>
    <difficult>0</difficult>
    <bndbox>
        <xmin>630</xmin>
        <ymin>496</ymin>
        <xmax>722</xmax>
        <ymax>564</ymax>
    </bndbox>
</object>
    <object>
    <name>car</name>
    <pose>Unspecified</pose>
    <truncated>0</truncated>
    <difficult>0</difficult>
    <bndbox>
        <xmin>622</xmin>
        <ymin>476</ymin>
        <xmax>694</xmax>
        <ymax>520</ymax>
    </bndbox>
</object>
    <object>
    <name>car</name>
    <pose>Unspecified</pose>
    <truncated>0</truncated>
    <difficult>0</difficult>
    <bndbox>
        <xmin>186</xmin>
        <ymin>700</ymin>
        <xmax>350</xmax>
        <ymax>784</ymax>
    </bndbox>
</object>
    <object>
    <name>car</name>
    <pose>Unspecified</pose>
    <truncated>0</truncated>
    <difficult>0</difficult>
    <bndbox>
        <xmin>134</xmin>
        <ymin>768</ymin>
        <xmax>330</xmax>
        <ymax>896</ymax>
    </bndbox>
</object>
    <object>
    <name>car</name>
    <pose>Unspecified</pose>
    <truncated>0</truncated>
    <difficult>0</difficult>
    <bndbox>
        <xmin>1038</xmin>
        <ymin>248</ymin>
        <xmax>1062</xmax>
        <ymax>268</ymax>
    </bndbox>
</object>
    <object>
    <name>car</name>
    <pose>Unspecified</pose>
    <truncated>0</truncated>
    <difficult>0</difficult>
    <bndbox>
        <xmin>1218</xmin>
        <ymin>348</ymin>
        <xmax>1250</xmax>
        <ymax>376</ymax>
    </bndbox>
</object>
    <object>
    <name>car</name>
    <pose>Unspecified</pose>
    <truncated>0</truncated>
    <difficult>0</difficult>
    <bndbox>
        <xmin>1025</xmin>
        <ymin>214</ymin>
        <xmax>1040</xmax>
        <ymax>232</ymax>
    </bndbox>
</object>
    <object>
    <name>car</name>
    <pose>Unspecified</pose>
    <truncated>0</truncated>
    <difficult>0</difficult>
    <bndbox>
        <xmin>1059</xmin>
        <ymin>176</ymin>
        <xmax>1074</xmax>
        <ymax>194</ymax>
    </bndbox>
</object>
</annotation>