<annotation>
<folder>cam_145</folder>
<filename>2019-12-30_16_00_01_camera_145.jpg</filename>
<path>C:\Users\10716\OneDrive\Desktop\test_cam\cam_145\2019-12-30_16_00_01_camera_145.jpg</path>
<source>
    <database>Unknown</database>
</source>
<size>
    <width>1920</width>
    <height>1080</height>
    <depth>3</depth>
</size>

<segmented>0</segmented>
    <object>
    <name>car</name>
    <pose>Unspecified</pose>
    <truncated>0</truncated>
    <difficult>0</difficult>
    <bndbox>
        <xmin>1094</xmin>
        <ymin>568</ymin>
        <xmax>1186</xmax>
        <ymax>656</ymax>
    </bndbox>
</object>
    <object>
    <name>car</name>
    <pose>Unspecified</pose>
    <truncated>0</truncated>
    <difficult>0</difficult>
    <bndbox>
        <xmin>1226</xmin>
        <ymin>412</ymin>
        <xmax>1270</xmax>
        <ymax>456</ymax>
    </bndbox>
</object>
    <object>
    <name>car</name>
    <pose>Unspecified</pose>
    <truncated>0</truncated>
    <difficult>0</difficult>
    <bndbox>
        <xmin>1334</xmin>
        <ymin>372</ymin>
        <xmax>1370</xmax>
        <ymax>408</ymax>
    </bndbox>
</object>
    <object>
    <name>car</name>
    <pose>Unspecified</pose>
    <truncated>0</truncated>
    <difficult>0</difficult>
    <bndbox>
        <xmin>1050</xmin>
        <ymin>832</ymin>
        <xmax>1186</xmax>
        <ymax>972</ymax>
    </bndbox>
</object>
    <object>
    <name>car</name>
    <pose>Unspecified</pose>
    <truncated>0</truncated>
    <difficult>0</difficult>
    <bndbox>
        <xmin>366</xmin>
        <ymin>572</ymin>
        <xmax>486</xmax>
        <ymax>656</ymax>
    </bndbox>
</object>
    <object>
    <name>car</name>
    <pose>Unspecified</pose>
    <truncated>0</truncated>
    <difficult>0</difficult>
    <bndbox>
        <xmin>850</xmin>
        <ymin>360</ymin>
        <xmax>896</xmax>
        <ymax>391</ymax>
    </bndbox>
</object>
    <object>
    <name>car</name>
    <pose>Unspecified</pose>
    <truncated>0</truncated>
    <difficult>0</difficult>
    <bndbox>
        <xmin>1276</xmin>
        <ymin>320</ymin>
        <xmax>1307</xmax>
        <ymax>346</ymax>
    </bndbox>
</object>
    <object>
    <name>car</name>
    <pose>Unspecified</pose>
    <truncated>0</truncated>
    <difficult>0</difficult>
    <bndbox>
        <xmin>1276</xmin>
        <ymin>275</ymin>
        <xmax>1303</xmax>
        <ymax>306</ymax>
    </bndbox>
</object>
    <object>
    <name>car</name>
    <pose>Unspecified</pose>
    <truncated>0</truncated>
    <difficult>0</difficult>
    <bndbox>
        <xmin>1232</xmin>
        <ymin>200</ymin>
        <xmax>1254</xmax>
        <ymax>213</ymax>
    </bndbox>
</object>
    <object>
    <name>car</name>
    <pose>Unspecified</pose>
    <truncated>0</truncated>
    <difficult>0</difficult>
    <bndbox>
        <xmin>1218</xmin>
        <ymin>233</ymin>
        <xmax>1238</xmax>
        <ymax>253</ymax>
    </bndbox>
</object>
    <object>
    <name>car</name>
    <pose>Unspecified</pose>
    <truncated>0</truncated>
    <difficult>0</difficult>
    <bndbox>
        <xmin>1243</xmin>
        <ymin>184</ymin>
        <xmax>1261</xmax>
        <ymax>195</ymax>
    </bndbox>
</object>
    <object>
    <name>car</name>
    <pose>Unspecified</pose>
    <truncated>0</truncated>
    <difficult>0</difficult>
    <bndbox>
        <xmin>1056</xmin>
        <ymin>182</ymin>
        <xmax>1072</xmax>
        <ymax>195</ymax>
    </bndbox>
</object>
    <object>
    <name>car</name>
    <pose>Unspecified</pose>
    <truncated>0</truncated>
    <difficult>0</difficult>
    <bndbox>
        <xmin>1321</xmin>
        <ymin>115</ymin>
        <xmax>1338</xmax>
        <ymax>137</ymax>
    </bndbox>
</object>
    <object>
    <name>car</name>
    <pose>Unspecified</pose>
    <truncated>0</truncated>
    <difficult>0</difficult>
    <bndbox>
        <xmin>1332</xmin>
        <ymin>151</ymin>
        <xmax>1350</xmax>
        <ymax>162</ymax>
    </bndbox>
</object>
    <object>
    <name>car</name>
    <pose>Unspecified</pose>
    <truncated>0</truncated>
    <difficult>0</difficult>
    <bndbox>
        <xmin>1081</xmin>
        <ymin>166</ymin>
        <xmax>1098</xmax>
        <ymax>180</ymax>
    </bndbox>
</object>
</annotation>