<annotation>
<folder>cam_145</folder>
<filename>2019-12-30_10_40_01_camera_145.jpg</filename>
<path>C:\Users\10716\OneDrive\Desktop\test_cam\cam_145\2019-12-30_10_40_01_camera_145.jpg</path>
<source>
    <database>Unknown</database>
</source>
<size>
    <width>1920</width>
    <height>1080</height>
    <depth>3</depth>
</size>

<segmented>0</segmented>
    <object>
    <name>car</name>
    <pose>Unspecified</pose>
    <truncated>0</truncated>
    <difficult>0</difficult>
    <bndbox>
        <xmin>1322</xmin>
        <ymin>408</ymin>
        <xmax>1378</xmax>
        <ymax>480</ymax>
    </bndbox>
</object>
    <object>
    <name>car</name>
    <pose>Unspecified</pose>
    <truncated>0</truncated>
    <difficult>0</difficult>
    <bndbox>
        <xmin>1398</xmin>
        <ymin>260</ymin>
        <xmax>1422</xmax>
        <ymax>280</ymax>
    </bndbox>
</object>
    <object>
    <name>car</name>
    <pose>Unspecified</pose>
    <truncated>0</truncated>
    <difficult>0</difficult>
    <bndbox>
        <xmin>1270</xmin>
        <ymin>344</ymin>
        <xmax>1306</xmax>
        <ymax>384</ymax>
    </bndbox>
</object>
    <object>
    <name>car</name>
    <pose>Unspecified</pose>
    <truncated>0</truncated>
    <difficult>0</difficult>
    <bndbox>
        <xmin>1214</xmin>
        <ymin>328</ymin>
        <xmax>1246</xmax>
        <ymax>356</ymax>
    </bndbox>
</object>
    <object>
    <name>car</name>
    <pose>Unspecified</pose>
    <truncated>0</truncated>
    <difficult>0</difficult>
    <bndbox>
        <xmin>1162</xmin>
        <ymin>416</ymin>
        <xmax>1210</xmax>
        <ymax>464</ymax>
    </bndbox>
</object>
    <object>
    <name>car</name>
    <pose>Unspecified</pose>
    <truncated>0</truncated>
    <difficult>0</difficult>
    <bndbox>
        <xmin>1158</xmin>
        <ymin>536</ymin>
        <xmax>1222</xmax>
        <ymax>588</ymax>
    </bndbox>
</object>
    <object>
    <name>car</name>
    <pose>Unspecified</pose>
    <truncated>0</truncated>
    <difficult>0</difficult>
    <bndbox>
        <xmin>702</xmin>
        <ymin>456</ymin>
        <xmax>790</xmax>
        <ymax>520</ymax>
    </bndbox>
</object>
    <object>
    <name>car</name>
    <pose>Unspecified</pose>
    <truncated>0</truncated>
    <difficult>0</difficult>
    <bndbox>
        <xmin>830</xmin>
        <ymin>360</ymin>
        <xmax>886</xmax>
        <ymax>404</ymax>
    </bndbox>
</object>
    <object>
    <name>car</name>
    <pose>Unspecified</pose>
    <truncated>0</truncated>
    <difficult>0</difficult>
    <bndbox>
        <xmin>342</xmin>
        <ymin>580</ymin>
        <xmax>454</xmax>
        <ymax>656</ymax>
    </bndbox>
</object>
    <object>
    <name>car</name>
    <pose>Unspecified</pose>
    <truncated>0</truncated>
    <difficult>0</difficult>
    <bndbox>
        <xmin>438</xmin>
        <ymin>968</ymin>
        <xmax>662</xmax>
        <ymax>1068</ymax>
    </bndbox>
</object>
    <object>
    <name>car</name>
    <pose>Unspecified</pose>
    <truncated>0</truncated>
    <difficult>0</difficult>
    <bndbox>
        <xmin>1227</xmin>
        <ymin>273</ymin>
        <xmax>1252</xmax>
        <ymax>293</ymax>
    </bndbox>
</object>
    <object>
    <name>car</name>
    <pose>Unspecified</pose>
    <truncated>0</truncated>
    <difficult>0</difficult>
    <bndbox>
        <xmin>1058</xmin>
        <ymin>177</ymin>
        <xmax>1071</xmax>
        <ymax>190</ymax>
    </bndbox>
</object>
    <object>
    <name>car</name>
    <pose>Unspecified</pose>
    <truncated>0</truncated>
    <difficult>0</difficult>
    <bndbox>
        <xmin>1038</xmin>
        <ymin>165</ymin>
        <xmax>1051</xmax>
        <ymax>177</ymax>
    </bndbox>
</object>
    <object>
    <name>car</name>
    <pose>Unspecified</pose>
    <truncated>0</truncated>
    <difficult>0</difficult>
    <bndbox>
        <xmin>926</xmin>
        <ymin>192</ymin>
        <xmax>941</xmax>
        <ymax>212</ymax>
    </bndbox>
</object>
    <object>
    <name>car</name>
    <pose>Unspecified</pose>
    <truncated>0</truncated>
    <difficult>0</difficult>
    <bndbox>
        <xmin>1173</xmin>
        <ymin>170</ymin>
        <xmax>1186</xmax>
        <ymax>182</ymax>
    </bndbox>
</object>
    <object>
    <name>car</name>
    <pose>Unspecified</pose>
    <truncated>0</truncated>
    <difficult>0</difficult>
    <bndbox>
        <xmin>1206</xmin>
        <ymin>177</ymin>
        <xmax>1221</xmax>
        <ymax>190</ymax>
    </bndbox>
</object>
    <object>
    <name>car</name>
    <pose>Unspecified</pose>
    <truncated>0</truncated>
    <difficult>0</difficult>
    <bndbox>
        <xmin>1193</xmin>
        <ymin>167</ymin>
        <xmax>1208</xmax>
        <ymax>180</ymax>
    </bndbox>
</object>
    <object>
    <name>car</name>
    <pose>Unspecified</pose>
    <truncated>0</truncated>
    <difficult>0</difficult>
    <bndbox>
        <xmin>1346</xmin>
        <ymin>165</ymin>
        <xmax>1361</xmax>
        <ymax>175</ymax>
    </bndbox>
</object>
</annotation>