<annotation>
<folder>cam_145</folder>
<filename>2019-12-31_16_30_01_camera_145.jpg</filename>
<path>C:\Users\10716\OneDrive\Desktop\test_cam\cam_145\2019-12-31_16_30_01_camera_145.jpg</path>
<source>
    <database>Unknown</database>
</source>
<size>
    <width>1920</width>
    <height>1080</height>
    <depth>3</depth>
</size>

<segmented>0</segmented>
    <object>
    <name>car</name>
    <pose>Unspecified</pose>
    <truncated>0</truncated>
    <difficult>0</difficult>
    <bndbox>
        <xmin>1358</xmin>
        <ymin>548</ymin>
        <xmax>1430</xmax>
        <ymax>628</ymax>
    </bndbox>
</object>
    <object>
    <name>car</name>
    <pose>Unspecified</pose>
    <truncated>0</truncated>
    <difficult>0</difficult>
    <bndbox>
        <xmin>874</xmin>
        <ymin>376</ymin>
        <xmax>922</xmax>
        <ymax>412</ymax>
    </bndbox>
</object>
    <object>
    <name>car</name>
    <pose>Unspecified</pose>
    <truncated>0</truncated>
    <difficult>0</difficult>
    <bndbox>
        <xmin>554</xmin>
        <ymin>588</ymin>
        <xmax>662</xmax>
        <ymax>656</ymax>
    </bndbox>
</object>
    <object>
    <name>car</name>
    <pose>Unspecified</pose>
    <truncated>0</truncated>
    <difficult>0</difficult>
    <bndbox>
        <xmin>662</xmin>
        <ymin>840</ymin>
        <xmax>834</xmax>
        <ymax>976</ymax>
    </bndbox>
</object>
    <object>
    <name>car</name>
    <pose>Unspecified</pose>
    <truncated>0</truncated>
    <difficult>0</difficult>
    <bndbox>
        <xmin>342</xmin>
        <ymin>644</ymin>
        <xmax>462</xmax>
        <ymax>720</ymax>
    </bndbox>
</object>
    <object>
    <name>car</name>
    <pose>Unspecified</pose>
    <truncated>0</truncated>
    <difficult>0</difficult>
    <bndbox>
        <xmin>1310</xmin>
        <ymin>248</ymin>
        <xmax>1334</xmax>
        <ymax>268</ymax>
    </bndbox>
</object>
</annotation>