<annotation>
<folder>cam_145</folder>
<filename>2019-12-29_15_20_01_camera_145.jpg</filename>
<path>C:\Users\10716\OneDrive\Desktop\test_cam\cam_145\2019-12-29_15_20_01_camera_145.jpg</path>
<source>
    <database>Unknown</database>
</source>
<size>
    <width>1920</width>
    <height>1080</height>
    <depth>3</depth>
</size>

<segmented>0</segmented>
    <object>
    <name>car</name>
    <pose>Unspecified</pose>
    <truncated>0</truncated>
    <difficult>0</difficult>
    <bndbox>
        <xmin>1422</xmin>
        <ymin>320</ymin>
        <xmax>1454</xmax>
        <ymax>348</ymax>
    </bndbox>
</object>
    <object>
    <name>car</name>
    <pose>Unspecified</pose>
    <truncated>0</truncated>
    <difficult>0</difficult>
    <bndbox>
        <xmin>1398</xmin>
        <ymin>264</ymin>
        <xmax>1418</xmax>
        <ymax>284</ymax>
    </bndbox>
</object>
    <object>
    <name>car</name>
    <pose>Unspecified</pose>
    <truncated>0</truncated>
    <difficult>0</difficult>
    <bndbox>
        <xmin>1274</xmin>
        <ymin>328</ymin>
        <xmax>1302</xmax>
        <ymax>356</ymax>
    </bndbox>
</object>
    <object>
    <name>car</name>
    <pose>Unspecified</pose>
    <truncated>0</truncated>
    <difficult>0</difficult>
    <bndbox>
        <xmin>1230</xmin>
        <ymin>264</ymin>
        <xmax>1254</xmax>
        <ymax>288</ymax>
    </bndbox>
</object>
    <object>
    <name>car</name>
    <pose>Unspecified</pose>
    <truncated>0</truncated>
    <difficult>0</difficult>
    <bndbox>
        <xmin>1114</xmin>
        <ymin>592</ymin>
        <xmax>1194</xmax>
        <ymax>664</ymax>
    </bndbox>
</object>
    <object>
    <name>car</name>
    <pose>Unspecified</pose>
    <truncated>0</truncated>
    <difficult>0</difficult>
    <bndbox>
        <xmin>922</xmin>
        <ymin>632</ymin>
        <xmax>1022</xmax>
        <ymax>708</ymax>
    </bndbox>
</object>
    <object>
    <name>car</name>
    <pose>Unspecified</pose>
    <truncated>0</truncated>
    <difficult>0</difficult>
    <bndbox>
        <xmin>862</xmin>
        <ymin>424</ymin>
        <xmax>922</xmax>
        <ymax>472</ymax>
    </bndbox>
</object>
    <object>
    <name>car</name>
    <pose>Unspecified</pose>
    <truncated>0</truncated>
    <difficult>0</difficult>
    <bndbox>
        <xmin>1022</xmin>
        <ymin>252</ymin>
        <xmax>1054</xmax>
        <ymax>288</ymax>
    </bndbox>
</object>
    <object>
    <name>car</name>
    <pose>Unspecified</pose>
    <truncated>0</truncated>
    <difficult>0</difficult>
    <bndbox>
        <xmin>1018</xmin>
        <ymin>216</ymin>
        <xmax>1042</xmax>
        <ymax>236</ymax>
    </bndbox>
</object>
    <object>
    <name>car</name>
    <pose>Unspecified</pose>
    <truncated>0</truncated>
    <difficult>0</difficult>
    <bndbox>
        <xmin>182</xmin>
        <ymin>700</ymin>
        <xmax>342</xmax>
        <ymax>792</ymax>
    </bndbox>
</object>
</annotation>