<annotation>
<folder>cam_145</folder>
<filename>2019-12-28_14_00_01_camera_145.jpg</filename>
<path>C:\Users\10716\OneDrive\Desktop\test_cam\cam_145\2019-12-28_14_00_01_camera_145.jpg</path>
<source>
    <database>Unknown</database>
</source>
<size>
    <width>1920</width>
    <height>1080</height>
    <depth>3</depth>
</size>

<segmented>0</segmented>
    <object>
    <name>car</name>
    <pose>Unspecified</pose>
    <truncated>0</truncated>
    <difficult>0</difficult>
    <bndbox>
        <xmin>1270</xmin>
        <ymin>860</ymin>
        <xmax>1382</xmax>
        <ymax>996</ymax>
    </bndbox>
</object>
    <object>
    <name>car</name>
    <pose>Unspecified</pose>
    <truncated>0</truncated>
    <difficult>0</difficult>
    <bndbox>
        <xmin>998</xmin>
        <ymin>716</ymin>
        <xmax>1102</xmax>
        <ymax>804</ymax>
    </bndbox>
</object>
    <object>
    <name>car</name>
    <pose>Unspecified</pose>
    <truncated>0</truncated>
    <difficult>0</difficult>
    <bndbox>
        <xmin>1294</xmin>
        <ymin>488</ymin>
        <xmax>1350</xmax>
        <ymax>540</ymax>
    </bndbox>
</object>
    <object>
    <name>car</name>
    <pose>Unspecified</pose>
    <truncated>0</truncated>
    <difficult>0</difficult>
    <bndbox>
        <xmin>1418</xmin>
        <ymin>368</ymin>
        <xmax>1462</xmax>
        <ymax>416</ymax>
    </bndbox>
</object>
    <object>
    <name>car</name>
    <pose>Unspecified</pose>
    <truncated>0</truncated>
    <difficult>0</difficult>
    <bndbox>
        <xmin>1230</xmin>
        <ymin>412</ymin>
        <xmax>1282</xmax>
        <ymax>460</ymax>
    </bndbox>
</object>
    <object>
    <name>car</name>
    <pose>Unspecified</pose>
    <truncated>0</truncated>
    <difficult>0</difficult>
    <bndbox>
        <xmin>918</xmin>
        <ymin>396</ymin>
        <xmax>970</xmax>
        <ymax>432</ymax>
    </bndbox>
</object>
    <object>
    <name>car</name>
    <pose>Unspecified</pose>
    <truncated>0</truncated>
    <difficult>0</difficult>
    <bndbox>
        <xmin>770</xmin>
        <ymin>404</ymin>
        <xmax>862</xmax>
        <ymax>476</ymax>
    </bndbox>
</object>
    <object>
    <name>car</name>
    <pose>Unspecified</pose>
    <truncated>0</truncated>
    <difficult>0</difficult>
    <bndbox>
        <xmin>1074</xmin>
        <ymin>260</ymin>
        <xmax>1102</xmax>
        <ymax>288</ymax>
    </bndbox>
</object>
    <object>
    <name>car</name>
    <pose>Unspecified</pose>
    <truncated>0</truncated>
    <difficult>0</difficult>
    <bndbox>
        <xmin>1014</xmin>
        <ymin>272</ymin>
        <xmax>1046</xmax>
        <ymax>296</ymax>
    </bndbox>
</object>
</annotation>