<annotation>
<folder>cam_145</folder>
<filename>2019-12-28_08_55_01_camera_145.jpg</filename>
<path>C:\Users\10716\OneDrive\Desktop\test_cam\cam_145\2019-12-28_08_55_01_camera_145.jpg</path>
<source>
    <database>Unknown</database>
</source>
<size>
    <width>1920</width>
    <height>1080</height>
    <depth>3</depth>
</size>

<segmented>0</segmented>
    <object>
    <name>car</name>
    <pose>Unspecified</pose>
    <truncated>0</truncated>
    <difficult>0</difficult>
    <bndbox>
        <xmin>1306</xmin>
        <ymin>704</ymin>
        <xmax>1394</xmax>
        <ymax>788</ymax>
    </bndbox>
</object>
    <object>
    <name>car</name>
    <pose>Unspecified</pose>
    <truncated>0</truncated>
    <difficult>0</difficult>
    <bndbox>
        <xmin>1190</xmin>
        <ymin>508</ymin>
        <xmax>1250</xmax>
        <ymax>560</ymax>
    </bndbox>
</object>
    <object>
    <name>car</name>
    <pose>Unspecified</pose>
    <truncated>0</truncated>
    <difficult>0</difficult>
    <bndbox>
        <xmin>482</xmin>
        <ymin>484</ymin>
        <xmax>574</xmax>
        <ymax>556</ymax>
    </bndbox>
</object>
    <object>
    <name>car</name>
    <pose>Unspecified</pose>
    <truncated>0</truncated>
    <difficult>0</difficult>
    <bndbox>
        <xmin>1173</xmin>
        <ymin>371</ymin>
        <xmax>1215</xmax>
        <ymax>404</ymax>
    </bndbox>
</object>
    <object>
    <name>car</name>
    <pose>Unspecified</pose>
    <truncated>0</truncated>
    <difficult>0</difficult>
    <bndbox>
        <xmin>1260</xmin>
        <ymin>365</ymin>
        <xmax>1299</xmax>
        <ymax>398</ymax>
    </bndbox>
</object>
    <object>
    <name>car</name>
    <pose>Unspecified</pose>
    <truncated>0</truncated>
    <difficult>0</difficult>
    <bndbox>
        <xmin>1269</xmin>
        <ymin>254</ymin>
        <xmax>1293</xmax>
        <ymax>272</ymax>
    </bndbox>
</object>
    <object>
    <name>car</name>
    <pose>Unspecified</pose>
    <truncated>0</truncated>
    <difficult>0</difficult>
    <bndbox>
        <xmin>1253</xmin>
        <ymin>220</ymin>
        <xmax>1271</xmax>
        <ymax>232</ymax>
    </bndbox>
</object>
</annotation>