<annotation>
<folder>cam_145</folder>
<filename>2019-12-28_13_10_01_camera_145.jpg</filename>
<path>C:\Users\10716\OneDrive\Desktop\test_cam\cam_145\2019-12-28_13_10_01_camera_145.jpg</path>
<source>
    <database>Unknown</database>
</source>
<size>
    <width>1920</width>
    <height>1080</height>
    <depth>3</depth>
</size>

<segmented>0</segmented>
    <object>
    <name>car</name>
    <pose>Unspecified</pose>
    <truncated>0</truncated>
    <difficult>0</difficult>
    <bndbox>
        <xmin>1202</xmin>
        <ymin>652</ymin>
        <xmax>1286</xmax>
        <ymax>728</ymax>
    </bndbox>
</object>
    <object>
    <name>car</name>
    <pose>Unspecified</pose>
    <truncated>0</truncated>
    <difficult>0</difficult>
    <bndbox>
        <xmin>1066</xmin>
        <ymin>624</ymin>
        <xmax>1150</xmax>
        <ymax>704</ymax>
    </bndbox>
</object>
    <object>
    <name>car</name>
    <pose>Unspecified</pose>
    <truncated>0</truncated>
    <difficult>0</difficult>
    <bndbox>
        <xmin>1218</xmin>
        <ymin>460</ymin>
        <xmax>1274</xmax>
        <ymax>508</ymax>
    </bndbox>
</object>
    <object>
    <name>car</name>
    <pose>Unspecified</pose>
    <truncated>0</truncated>
    <difficult>0</difficult>
    <bndbox>
        <xmin>1406</xmin>
        <ymin>304</ymin>
        <xmax>1430</xmax>
        <ymax>332</ymax>
    </bndbox>
</object>
    <object>
    <name>car</name>
    <pose>Unspecified</pose>
    <truncated>0</truncated>
    <difficult>0</difficult>
    <bndbox>
        <xmin>1406</xmin>
        <ymin>240</ymin>
        <xmax>1422</xmax>
        <ymax>260</ymax>
    </bndbox>
</object>
    <object>
    <name>car</name>
    <pose>Unspecified</pose>
    <truncated>0</truncated>
    <difficult>0</difficult>
    <bndbox>
        <xmin>1266</xmin>
        <ymin>260</ymin>
        <xmax>1290</xmax>
        <ymax>284</ymax>
    </bndbox>
</object>
    <object>
    <name>car</name>
    <pose>Unspecified</pose>
    <truncated>0</truncated>
    <difficult>0</difficult>
    <bndbox>
        <xmin>1018</xmin>
        <ymin>264</ymin>
        <xmax>1046</xmax>
        <ymax>288</ymax>
    </bndbox>
</object>
    <object>
    <name>car</name>
    <pose>Unspecified</pose>
    <truncated>0</truncated>
    <difficult>0</difficult>
    <bndbox>
        <xmin>906</xmin>
        <ymin>356</ymin>
        <xmax>950</xmax>
        <ymax>388</ymax>
    </bndbox>
</object>
    <object>
    <name>car</name>
    <pose>Unspecified</pose>
    <truncated>0</truncated>
    <difficult>0</difficult>
    <bndbox>
        <xmin>994</xmin>
        <ymin>588</ymin>
        <xmax>1074</xmax>
        <ymax>644</ymax>
    </bndbox>
</object>
    <object>
    <name>car</name>
    <pose>Unspecified</pose>
    <truncated>0</truncated>
    <difficult>0</difficult>
    <bndbox>
        <xmin>798</xmin>
        <ymin>740</ymin>
        <xmax>926</xmax>
        <ymax>844</ymax>
    </bndbox>
</object>
    <object>
    <name>car</name>
    <pose>Unspecified</pose>
    <truncated>0</truncated>
    <difficult>0</difficult>
    <bndbox>
        <xmin>370</xmin>
        <ymin>624</ymin>
        <xmax>490</xmax>
        <ymax>704</ymax>
    </bndbox>
</object>
    <object>
    <name>car</name>
    <pose>Unspecified</pose>
    <truncated>0</truncated>
    <difficult>0</difficult>
    <bndbox>
        <xmin>1234</xmin>
        <ymin>204</ymin>
        <xmax>1254</xmax>
        <ymax>220</ymax>
    </bndbox>
</object>
</annotation>