<annotation>
<folder>cam_145</folder>
<filename>2019-12-30_13_50_02_camera_145.jpg</filename>
<path>C:\Users\10716\OneDrive\Desktop\test_cam\cam_145\2019-12-30_13_50_02_camera_145.jpg</path>
<source>
    <database>Unknown</database>
</source>
<size>
    <width>1920</width>
    <height>1080</height>
    <depth>3</depth>
</size>

<segmented>0</segmented>
    <object>
    <name>car</name>
    <pose>Unspecified</pose>
    <truncated>0</truncated>
    <difficult>0</difficult>
    <bndbox>
        <xmin>1250</xmin>
        <ymin>404</ymin>
        <xmax>1290</xmax>
        <ymax>440</ymax>
    </bndbox>
</object>
    <object>
    <name>car</name>
    <pose>Unspecified</pose>
    <truncated>0</truncated>
    <difficult>0</difficult>
    <bndbox>
        <xmin>1082</xmin>
        <ymin>524</ymin>
        <xmax>1138</xmax>
        <ymax>560</ymax>
    </bndbox>
</object>
    <object>
    <name>car</name>
    <pose>Unspecified</pose>
    <truncated>0</truncated>
    <difficult>0</difficult>
    <bndbox>
        <xmin>1098</xmin>
        <ymin>620</ymin>
        <xmax>1178</xmax>
        <ymax>688</ymax>
    </bndbox>
</object>
    <object>
    <name>car</name>
    <pose>Unspecified</pose>
    <truncated>0</truncated>
    <difficult>0</difficult>
    <bndbox>
        <xmin>462</xmin>
        <ymin>496</ymin>
        <xmax>546</xmax>
        <ymax>544</ymax>
    </bndbox>
</object>
    <object>
    <name>car</name>
    <pose>Unspecified</pose>
    <truncated>0</truncated>
    <difficult>0</difficult>
    <bndbox>
        <xmin>998</xmin>
        <ymin>284</ymin>
        <xmax>1030</xmax>
        <ymax>312</ymax>
    </bndbox>
</object>
    <object>
    <name>car</name>
    <pose>Unspecified</pose>
    <truncated>0</truncated>
    <difficult>0</difficult>
    <bndbox>
        <xmin>98</xmin>
        <ymin>652</ymin>
        <xmax>238</xmax>
        <ymax>732</ymax>
    </bndbox>
</object>
    <object>
    <name>car</name>
    <pose>Unspecified</pose>
    <truncated>0</truncated>
    <difficult>0</difficult>
    <bndbox>
        <xmin>1032</xmin>
        <ymin>251</ymin>
        <xmax>1058</xmax>
        <ymax>277</ymax>
    </bndbox>
</object>
    <object>
    <name>car</name>
    <pose>Unspecified</pose>
    <truncated>0</truncated>
    <difficult>0</difficult>
    <bndbox>
        <xmin>1027</xmin>
        <ymin>197</ymin>
        <xmax>1043</xmax>
        <ymax>213</ymax>
    </bndbox>
</object>
    <object>
    <name>car</name>
    <pose>Unspecified</pose>
    <truncated>0</truncated>
    <difficult>0</difficult>
    <bndbox>
        <xmin>1061</xmin>
        <ymin>177</ymin>
        <xmax>1074</xmax>
        <ymax>193</ymax>
    </bndbox>
</object>
    <object>
    <name>car</name>
    <pose>Unspecified</pose>
    <truncated>0</truncated>
    <difficult>0</difficult>
    <bndbox>
        <xmin>1210</xmin>
        <ymin>211</ymin>
        <xmax>1227</xmax>
        <ymax>224</ymax>
    </bndbox>
</object>
    <object>
    <name>car</name>
    <pose>Unspecified</pose>
    <truncated>0</truncated>
    <difficult>0</difficult>
    <bndbox>
        <xmin>1242</xmin>
        <ymin>182</ymin>
        <xmax>1258</xmax>
        <ymax>193</ymax>
    </bndbox>
</object>
    <object>
    <name>car</name>
    <pose>Unspecified</pose>
    <truncated>0</truncated>
    <difficult>0</difficult>
    <bndbox>
        <xmin>1201</xmin>
        <ymin>153</ymin>
        <xmax>1218</xmax>
        <ymax>166</ymax>
    </bndbox>
</object>
    <object>
    <name>car</name>
    <pose>Unspecified</pose>
    <truncated>0</truncated>
    <difficult>0</difficult>
    <bndbox>
        <xmin>1032</xmin>
        <ymin>162</ymin>
        <xmax>1045</xmax>
        <ymax>175</ymax>
    </bndbox>
</object>
    <object>
    <name>car</name>
    <pose>Unspecified</pose>
    <truncated>0</truncated>
    <difficult>0</difficult>
    <bndbox>
        <xmin>1256</xmin>
        <ymin>193</ymin>
        <xmax>1270</xmax>
        <ymax>208</ymax>
    </bndbox>
</object>
</annotation>