<annotation>
<folder>cam_145</folder>
<filename>2019-12-31_08_40_01_camera_145.jpg</filename>
<path>C:\Users\10716\OneDrive\Desktop\test_cam\cam_145\2019-12-31_08_40_01_camera_145.jpg</path>
<source>
    <database>Unknown</database>
</source>
<size>
    <width>1920</width>
    <height>1080</height>
    <depth>3</depth>
</size>

<segmented>0</segmented>
    <object>
    <name>car</name>
    <pose>Unspecified</pose>
    <truncated>0</truncated>
    <difficult>0</difficult>
    <bndbox>
        <xmin>1250</xmin>
        <ymin>580</ymin>
        <xmax>1318</xmax>
        <ymax>648</ymax>
    </bndbox>
</object>
    <object>
    <name>car</name>
    <pose>Unspecified</pose>
    <truncated>0</truncated>
    <difficult>0</difficult>
    <bndbox>
        <xmin>1334</xmin>
        <ymin>296</ymin>
        <xmax>1358</xmax>
        <ymax>324</ymax>
    </bndbox>
</object>
    <object>
    <name>car</name>
    <pose>Unspecified</pose>
    <truncated>0</truncated>
    <difficult>0</difficult>
    <bndbox>
        <xmin>1266</xmin>
        <ymin>252</ymin>
        <xmax>1290</xmax>
        <ymax>276</ymax>
    </bndbox>
</object>
    <object>
    <name>car</name>
    <pose>Unspecified</pose>
    <truncated>0</truncated>
    <difficult>0</difficult>
    <bndbox>
        <xmin>1010</xmin>
        <ymin>324</ymin>
        <xmax>1042</xmax>
        <ymax>348</ymax>
    </bndbox>
</object>
    <object>
    <name>car</name>
    <pose>Unspecified</pose>
    <truncated>0</truncated>
    <difficult>0</difficult>
    <bndbox>
        <xmin>1086</xmin>
        <ymin>228</ymin>
        <xmax>1106</xmax>
        <ymax>248</ymax>
    </bndbox>
</object>
    <object>
    <name>car</name>
    <pose>Unspecified</pose>
    <truncated>0</truncated>
    <difficult>0</difficult>
    <bndbox>
        <xmin>1254</xmin>
        <ymin>220</ymin>
        <xmax>1274</xmax>
        <ymax>244</ymax>
    </bndbox>
</object>
    <object>
    <name>car</name>
    <pose>Unspecified</pose>
    <truncated>0</truncated>
    <difficult>0</difficult>
    <bndbox>
        <xmin>1394</xmin>
        <ymin>232</ymin>
        <xmax>1418</xmax>
        <ymax>256</ymax>
    </bndbox>
</object>
    <object>
    <name>car</name>
    <pose>Unspecified</pose>
    <truncated>0</truncated>
    <difficult>0</difficult>
    <bndbox>
        <xmin>530</xmin>
        <ymin>536</ymin>
        <xmax>630</xmax>
        <ymax>608</ymax>
    </bndbox>
</object>
    <object>
    <name>car</name>
    <pose>Unspecified</pose>
    <truncated>0</truncated>
    <difficult>0</difficult>
    <bndbox>
        <xmin>2</xmin>
        <ymin>756</ymin>
        <xmax>198</xmax>
        <ymax>908</ymax>
    </bndbox>
</object>
</annotation>