<annotation>
<folder>cam_145</folder>
<filename>2019-12-28_16_10_01_camera_145.jpg</filename>
<path>C:\Users\10716\OneDrive\Desktop\test_cam\cam_145\2019-12-28_16_10_01_camera_145.jpg</path>
<source>
    <database>Unknown</database>
</source>
<size>
    <width>1920</width>
    <height>1080</height>
    <depth>3</depth>
</size>

<segmented>0</segmented>
    <object>
    <name>car</name>
    <pose>Unspecified</pose>
    <truncated>0</truncated>
    <difficult>0</difficult>
    <bndbox>
        <xmin>1290</xmin>
        <ymin>504</ymin>
        <xmax>1362</xmax>
        <ymax>580</ymax>
    </bndbox>
</object>
    <object>
    <name>car</name>
    <pose>Unspecified</pose>
    <truncated>0</truncated>
    <difficult>0</difficult>
    <bndbox>
        <xmin>1198</xmin>
        <ymin>400</ymin>
        <xmax>1294</xmax>
        <ymax>532</ymax>
    </bndbox>
</object>
    <object>
    <name>car</name>
    <pose>Unspecified</pose>
    <truncated>0</truncated>
    <difficult>0</difficult>
    <bndbox>
        <xmin>770</xmin>
        <ymin>432</ymin>
        <xmax>826</xmax>
        <ymax>476</ymax>
    </bndbox>
</object>
    <object>
    <name>car</name>
    <pose>Unspecified</pose>
    <truncated>0</truncated>
    <difficult>0</difficult>
    <bndbox>
        <xmin>526</xmin>
        <ymin>528</ymin>
        <xmax>650</xmax>
        <ymax>624</ymax>
    </bndbox>
</object>
    <object>
    <name>car</name>
    <pose>Unspecified</pose>
    <truncated>0</truncated>
    <difficult>0</difficult>
    <bndbox>
        <xmin>106</xmin>
        <ymin>664</ymin>
        <xmax>262</xmax>
        <ymax>776</ymax>
    </bndbox>
</object>
    <object>
    <name>car</name>
    <pose>Unspecified</pose>
    <truncated>0</truncated>
    <difficult>0</difficult>
    <bndbox>
        <xmin>1179</xmin>
        <ymin>392</ymin>
        <xmax>1221</xmax>
        <ymax>422</ymax>
    </bndbox>
</object>
    <object>
    <name>car</name>
    <pose>Unspecified</pose>
    <truncated>0</truncated>
    <difficult>0</difficult>
    <bndbox>
        <xmin>941</xmin>
        <ymin>376</ymin>
        <xmax>989</xmax>
        <ymax>412</ymax>
    </bndbox>
</object>
    <object>
    <name>car</name>
    <pose>Unspecified</pose>
    <truncated>0</truncated>
    <difficult>0</difficult>
    <bndbox>
        <xmin>1008</xmin>
        <ymin>314</ymin>
        <xmax>1044</xmax>
        <ymax>347</ymax>
    </bndbox>
</object>
    <object>
    <name>car</name>
    <pose>Unspecified</pose>
    <truncated>0</truncated>
    <difficult>0</difficult>
    <bndbox>
        <xmin>1014</xmin>
        <ymin>266</ymin>
        <xmax>1050</xmax>
        <ymax>296</ymax>
    </bndbox>
</object>
    <object>
    <name>car</name>
    <pose>Unspecified</pose>
    <truncated>0</truncated>
    <difficult>0</difficult>
    <bndbox>
        <xmin>967</xmin>
        <ymin>272</ymin>
        <xmax>994</xmax>
        <ymax>299</ymax>
    </bndbox>
</object>
    <object>
    <name>car</name>
    <pose>Unspecified</pose>
    <truncated>0</truncated>
    <difficult>0</difficult>
    <bndbox>
        <xmin>1224</xmin>
        <ymin>248</ymin>
        <xmax>1245</xmax>
        <ymax>269</ymax>
    </bndbox>
</object>
    <object>
    <name>car</name>
    <pose>Unspecified</pose>
    <truncated>0</truncated>
    <difficult>0</difficult>
    <bndbox>
        <xmin>1200</xmin>
        <ymin>170</ymin>
        <xmax>1221</xmax>
        <ymax>185</ymax>
    </bndbox>
</object>
    <object>
    <name>car</name>
    <pose>Unspecified</pose>
    <truncated>0</truncated>
    <difficult>0</difficult>
    <bndbox>
        <xmin>1014</xmin>
        <ymin>221</ymin>
        <xmax>1035</xmax>
        <ymax>242</ymax>
    </bndbox>
</object>
    <object>
    <name>car</name>
    <pose>Unspecified</pose>
    <truncated>0</truncated>
    <difficult>0</difficult>
    <bndbox>
        <xmin>1053</xmin>
        <ymin>179</ymin>
        <xmax>1071</xmax>
        <ymax>194</ymax>
    </bndbox>
</object>
    <object>
    <name>car</name>
    <pose>Unspecified</pose>
    <truncated>0</truncated>
    <difficult>0</difficult>
    <bndbox>
        <xmin>1076</xmin>
        <ymin>163</ymin>
        <xmax>1092</xmax>
        <ymax>178</ymax>
    </bndbox>
</object>
    <object>
    <name>car</name>
    <pose>Unspecified</pose>
    <truncated>0</truncated>
    <difficult>0</difficult>
    <bndbox>
        <xmin>1032</xmin>
        <ymin>160</ymin>
        <xmax>1045</xmax>
        <ymax>173</ymax>
    </bndbox>
</object>
</annotation>