<annotation>
<folder>cam_145</folder>
<filename>2019-12-28_14_05_01_camera_145.jpg</filename>
<path>C:\Users\10716\OneDrive\Desktop\test_cam\cam_145\2019-12-28_14_05_01_camera_145.jpg</path>
<source>
    <database>Unknown</database>
</source>
<size>
    <width>1920</width>
    <height>1080</height>
    <depth>3</depth>
</size>

<segmented>0</segmented>
    <object>
    <name>car</name>
    <pose>Unspecified</pose>
    <truncated>0</truncated>
    <difficult>0</difficult>
    <bndbox>
        <xmin>974</xmin>
        <ymin>740</ymin>
        <xmax>1098</xmax>
        <ymax>852</ymax>
    </bndbox>
</object>
    <object>
    <name>car</name>
    <pose>Unspecified</pose>
    <truncated>0</truncated>
    <difficult>0</difficult>
    <bndbox>
        <xmin>1258</xmin>
        <ymin>568</ymin>
        <xmax>1342</xmax>
        <ymax>648</ymax>
    </bndbox>
</object>
    <object>
    <name>car</name>
    <pose>Unspecified</pose>
    <truncated>0</truncated>
    <difficult>0</difficult>
    <bndbox>
        <xmin>1206</xmin>
        <ymin>456</ymin>
        <xmax>1266</xmax>
        <ymax>520</ymax>
    </bndbox>
</object>
    <object>
    <name>car</name>
    <pose>Unspecified</pose>
    <truncated>0</truncated>
    <difficult>0</difficult>
    <bndbox>
        <xmin>1330</xmin>
        <ymin>324</ymin>
        <xmax>1358</xmax>
        <ymax>348</ymax>
    </bndbox>
</object>
    <object>
    <name>car</name>
    <pose>Unspecified</pose>
    <truncated>0</truncated>
    <difficult>0</difficult>
    <bndbox>
        <xmin>1270</xmin>
        <ymin>256</ymin>
        <xmax>1290</xmax>
        <ymax>276</ymax>
    </bndbox>
</object>
    <object>
    <name>car</name>
    <pose>Unspecified</pose>
    <truncated>0</truncated>
    <difficult>0</difficult>
    <bndbox>
        <xmin>894</xmin>
        <ymin>416</ymin>
        <xmax>946</xmax>
        <ymax>456</ymax>
    </bndbox>
</object>
    <object>
    <name>car</name>
    <pose>Unspecified</pose>
    <truncated>0</truncated>
    <difficult>0</difficult>
    <bndbox>
        <xmin>946</xmin>
        <ymin>312</ymin>
        <xmax>978</xmax>
        <ymax>344</ymax>
    </bndbox>
</object>
    <object>
    <name>car</name>
    <pose>Unspecified</pose>
    <truncated>0</truncated>
    <difficult>0</difficult>
    <bndbox>
        <xmin>998</xmin>
        <ymin>244</ymin>
        <xmax>1018</xmax>
        <ymax>264</ymax>
    </bndbox>
</object>
    <object>
    <name>car</name>
    <pose>Unspecified</pose>
    <truncated>0</truncated>
    <difficult>0</difficult>
    <bndbox>
        <xmin>778</xmin>
        <ymin>356</ymin>
        <xmax>814</xmax>
        <ymax>384</ymax>
    </bndbox>
</object>
    <object>
    <name>car</name>
    <pose>Unspecified</pose>
    <truncated>0</truncated>
    <difficult>0</difficult>
    <bndbox>
        <xmin>786</xmin>
        <ymin>408</ymin>
        <xmax>862</xmax>
        <ymax>464</ymax>
    </bndbox>
</object>
    <object>
    <name>car</name>
    <pose>Unspecified</pose>
    <truncated>0</truncated>
    <difficult>0</difficult>
    <bndbox>
        <xmin>6</xmin>
        <ymin>816</ymin>
        <xmax>94</xmax>
        <ymax>912</ymax>
    </bndbox>
</object>
</annotation>