<annotation>
<folder>cam_145</folder>
<filename>2019-12-30_16_50_01_camera_145.jpg</filename>
<path>C:\Users\10716\OneDrive\Desktop\test_cam\cam_145\2019-12-30_16_50_01_camera_145.jpg</path>
<source>
    <database>Unknown</database>
</source>
<size>
    <width>1920</width>
    <height>1080</height>
    <depth>3</depth>
</size>

<segmented>0</segmented>
    <object>
    <name>car</name>
    <pose>Unspecified</pose>
    <truncated>0</truncated>
    <difficult>0</difficult>
    <bndbox>
        <xmin>1030</xmin>
        <ymin>888</ymin>
        <xmax>1182</xmax>
        <ymax>1044</ymax>
    </bndbox>
</object>
    <object>
    <name>car</name>
    <pose>Unspecified</pose>
    <truncated>0</truncated>
    <difficult>0</difficult>
    <bndbox>
        <xmin>1046</xmin>
        <ymin>672</ymin>
        <xmax>1150</xmax>
        <ymax>764</ymax>
    </bndbox>
</object>
    <object>
    <name>car</name>
    <pose>Unspecified</pose>
    <truncated>0</truncated>
    <difficult>0</difficult>
    <bndbox>
        <xmin>1250</xmin>
        <ymin>388</ymin>
        <xmax>1298</xmax>
        <ymax>436</ymax>
    </bndbox>
</object>
    <object>
    <name>car</name>
    <pose>Unspecified</pose>
    <truncated>0</truncated>
    <difficult>0</difficult>
    <bndbox>
        <xmin>1278</xmin>
        <ymin>312</ymin>
        <xmax>1306</xmax>
        <ymax>340</ymax>
    </bndbox>
</object>
    <object>
    <name>car</name>
    <pose>Unspecified</pose>
    <truncated>0</truncated>
    <difficult>0</difficult>
    <bndbox>
        <xmin>1330</xmin>
        <ymin>284</ymin>
        <xmax>1358</xmax>
        <ymax>312</ymax>
    </bndbox>
</object>
    <object>
    <name>car</name>
    <pose>Unspecified</pose>
    <truncated>0</truncated>
    <difficult>0</difficult>
    <bndbox>
        <xmin>1234</xmin>
        <ymin>284</ymin>
        <xmax>1254</xmax>
        <ymax>304</ymax>
    </bndbox>
</object>
    <object>
    <name>car</name>
    <pose>Unspecified</pose>
    <truncated>0</truncated>
    <difficult>0</difficult>
    <bndbox>
        <xmin>778</xmin>
        <ymin>384</ymin>
        <xmax>834</xmax>
        <ymax>428</ymax>
    </bndbox>
</object>
    <object>
    <name>car</name>
    <pose>Unspecified</pose>
    <truncated>0</truncated>
    <difficult>0</difficult>
    <bndbox>
        <xmin>658</xmin>
        <ymin>496</ymin>
        <xmax>742</xmax>
        <ymax>548</ymax>
    </bndbox>
</object>
    <object>
    <name>car</name>
    <pose>Unspecified</pose>
    <truncated>0</truncated>
    <difficult>0</difficult>
    <bndbox>
        <xmin>1211</xmin>
        <ymin>217</ymin>
        <xmax>1233</xmax>
        <ymax>232</ymax>
    </bndbox>
</object>
    <object>
    <name>car</name>
    <pose>Unspecified</pose>
    <truncated>0</truncated>
    <difficult>0</difficult>
    <bndbox>
        <xmin>1188</xmin>
        <ymin>132</ymin>
        <xmax>1213</xmax>
        <ymax>162</ymax>
    </bndbox>
</object>
    <object>
    <name>car</name>
    <pose>Unspecified</pose>
    <truncated>0</truncated>
    <difficult>0</difficult>
    <bndbox>
        <xmin>1206</xmin>
        <ymin>177</ymin>
        <xmax>1223</xmax>
        <ymax>190</ymax>
    </bndbox>
</object>
    <object>
    <name>car</name>
    <pose>Unspecified</pose>
    <truncated>0</truncated>
    <difficult>0</difficult>
    <bndbox>
        <xmin>1256</xmin>
        <ymin>195</ymin>
        <xmax>1273</xmax>
        <ymax>207</ymax>
    </bndbox>
</object>
</annotation>