<annotation>
<folder>cam_145</folder>
<filename>2019-12-28_12_50_02_camera_145.jpg</filename>
<path>C:\Users\10716\OneDrive\Desktop\test_cam\cam_145\2019-12-28_12_50_02_camera_145.jpg</path>
<source>
    <database>Unknown</database>
</source>
<size>
    <width>1920</width>
    <height>1080</height>
    <depth>3</depth>
</size>

<segmented>0</segmented>
    <object>
    <name>car</name>
    <pose>Unspecified</pose>
    <truncated>0</truncated>
    <difficult>0</difficult>
    <bndbox>
        <xmin>1006</xmin>
        <ymin>472</ymin>
        <xmax>1142</xmax>
        <ymax>624</ymax>
    </bndbox>
</object>
    <object>
    <name>car</name>
    <pose>Unspecified</pose>
    <truncated>0</truncated>
    <difficult>0</difficult>
    <bndbox>
        <xmin>1278</xmin>
        <ymin>536</ymin>
        <xmax>1346</xmax>
        <ymax>600</ymax>
    </bndbox>
</object>
    <object>
    <name>car</name>
    <pose>Unspecified</pose>
    <truncated>0</truncated>
    <difficult>0</difficult>
    <bndbox>
        <xmin>1026</xmin>
        <ymin>652</ymin>
        <xmax>1146</xmax>
        <ymax>768</ymax>
    </bndbox>
</object>
    <object>
    <name>car</name>
    <pose>Unspecified</pose>
    <truncated>0</truncated>
    <difficult>0</difficult>
    <bndbox>
        <xmin>658</xmin>
        <ymin>856</ymin>
        <xmax>822</xmax>
        <ymax>992</ymax>
    </bndbox>
</object>
    <object>
    <name>car</name>
    <pose>Unspecified</pose>
    <truncated>0</truncated>
    <difficult>0</difficult>
    <bndbox>
        <xmin>850</xmin>
        <ymin>1028</ymin>
        <xmax>990</xmax>
        <ymax>1072</ymax>
    </bndbox>
</object>
    <object>
    <name>car</name>
    <pose>Unspecified</pose>
    <truncated>0</truncated>
    <difficult>0</difficult>
    <bndbox>
        <xmin>918</xmin>
        <ymin>308</ymin>
        <xmax>954</xmax>
        <ymax>340</ymax>
    </bndbox>
</object>
    <object>
    <name>car</name>
    <pose>Unspecified</pose>
    <truncated>0</truncated>
    <difficult>0</difficult>
    <bndbox>
        <xmin>1074</xmin>
        <ymin>245</ymin>
        <xmax>1098</xmax>
        <ymax>272</ymax>
    </bndbox>
</object>
    <object>
    <name>car</name>
    <pose>Unspecified</pose>
    <truncated>0</truncated>
    <difficult>0</difficult>
    <bndbox>
        <xmin>1005</xmin>
        <ymin>283</ymin>
        <xmax>1032</xmax>
        <ymax>310</ymax>
    </bndbox>
</object>
    <object>
    <name>car</name>
    <pose>Unspecified</pose>
    <truncated>0</truncated>
    <difficult>0</difficult>
    <bndbox>
        <xmin>1005</xmin>
        <ymin>227</ymin>
        <xmax>1026</xmax>
        <ymax>251</ymax>
    </bndbox>
</object>
    <object>
    <name>car</name>
    <pose>Unspecified</pose>
    <truncated>0</truncated>
    <difficult>0</difficult>
    <bndbox>
        <xmin>913</xmin>
        <ymin>161</ymin>
        <xmax>931</xmax>
        <ymax>179</ymax>
    </bndbox>
</object>
</annotation>