<annotation>
<folder>cam_145</folder>
<filename>2019-12-31_15_20_01_camera_145.jpg</filename>
<path>C:\Users\10716\OneDrive\Desktop\test_cam\cam_145\2019-12-31_15_20_01_camera_145.jpg</path>
<source>
    <database>Unknown</database>
</source>
<size>
    <width>1920</width>
    <height>1080</height>
    <depth>3</depth>
</size>

<segmented>0</segmented>
    <object>
    <name>car</name>
    <pose>Unspecified</pose>
    <truncated>0</truncated>
    <difficult>0</difficult>
    <bndbox>
        <xmin>1286</xmin>
        <ymin>524</ymin>
        <xmax>1350</xmax>
        <ymax>580</ymax>
    </bndbox>
</object>
    <object>
    <name>car</name>
    <pose>Unspecified</pose>
    <truncated>0</truncated>
    <difficult>0</difficult>
    <bndbox>
        <xmin>1230</xmin>
        <ymin>460</ymin>
        <xmax>1278</xmax>
        <ymax>504</ymax>
    </bndbox>
</object>
    <object>
    <name>car</name>
    <pose>Unspecified</pose>
    <truncated>0</truncated>
    <difficult>0</difficult>
    <bndbox>
        <xmin>1194</xmin>
        <ymin>360</ymin>
        <xmax>1230</xmax>
        <ymax>396</ymax>
    </bndbox>
</object>
    <object>
    <name>car</name>
    <pose>Unspecified</pose>
    <truncated>0</truncated>
    <difficult>0</difficult>
    <bndbox>
        <xmin>1038</xmin>
        <ymin>564</ymin>
        <xmax>1106</xmax>
        <ymax>628</ymax>
    </bndbox>
</object>
    <object>
    <name>car</name>
    <pose>Unspecified</pose>
    <truncated>0</truncated>
    <difficult>0</difficult>
    <bndbox>
        <xmin>898</xmin>
        <ymin>412</ymin>
        <xmax>950</xmax>
        <ymax>452</ymax>
    </bndbox>
</object>
    <object>
    <name>car</name>
    <pose>Unspecified</pose>
    <truncated>0</truncated>
    <difficult>0</difficult>
    <bndbox>
        <xmin>570</xmin>
        <ymin>908</ymin>
        <xmax>758</xmax>
        <ymax>1056</ymax>
    </bndbox>
</object>
    <object>
    <name>car</name>
    <pose>Unspecified</pose>
    <truncated>0</truncated>
    <difficult>0</difficult>
    <bndbox>
        <xmin>262</xmin>
        <ymin>668</ymin>
        <xmax>414</xmax>
        <ymax>772</ymax>
    </bndbox>
</object>
    <object>
    <name>car</name>
    <pose>Unspecified</pose>
    <truncated>0</truncated>
    <difficult>0</difficult>
    <bndbox>
        <xmin>894</xmin>
        <ymin>360</ymin>
        <xmax>942</xmax>
        <ymax>400</ymax>
    </bndbox>
</object>
    <object>
    <name>car</name>
    <pose>Unspecified</pose>
    <truncated>0</truncated>
    <difficult>0</difficult>
    <bndbox>
        <xmin>931</xmin>
        <ymin>297</ymin>
        <xmax>968</xmax>
        <ymax>327</ymax>
    </bndbox>
</object>
    <object>
    <name>car</name>
    <pose>Unspecified</pose>
    <truncated>0</truncated>
    <difficult>0</difficult>
    <bndbox>
        <xmin>1012</xmin>
        <ymin>267</ymin>
        <xmax>1037</xmax>
        <ymax>292</ymax>
    </bndbox>
</object>
    <object>
    <name>car</name>
    <pose>Unspecified</pose>
    <truncated>0</truncated>
    <difficult>0</difficult>
    <bndbox>
        <xmin>1053</xmin>
        <ymin>235</ymin>
        <xmax>1073</xmax>
        <ymax>255</ymax>
    </bndbox>
</object>
    <object>
    <name>car</name>
    <pose>Unspecified</pose>
    <truncated>0</truncated>
    <difficult>0</difficult>
    <bndbox>
        <xmin>1013</xmin>
        <ymin>230</ymin>
        <xmax>1031</xmax>
        <ymax>250</ymax>
    </bndbox>
</object>
    <object>
    <name>car</name>
    <pose>Unspecified</pose>
    <truncated>0</truncated>
    <difficult>0</difficult>
    <bndbox>
        <xmin>1201</xmin>
        <ymin>200</ymin>
        <xmax>1218</xmax>
        <ymax>215</ymax>
    </bndbox>
</object>
    <object>
    <name>car</name>
    <pose>Unspecified</pose>
    <truncated>0</truncated>
    <difficult>0</difficult>
    <bndbox>
        <xmin>1227</xmin>
        <ymin>197</ymin>
        <xmax>1244</xmax>
        <ymax>210</ymax>
    </bndbox>
</object>
    <object>
    <name>car</name>
    <pose>Unspecified</pose>
    <truncated>0</truncated>
    <difficult>0</difficult>
    <bndbox>
        <xmin>1056</xmin>
        <ymin>200</ymin>
        <xmax>1071</xmax>
        <ymax>217</ymax>
    </bndbox>
</object>
</annotation>