<annotation>
<folder>cam_145</folder>
<filename>2019-12-31_12_00_02_camera_145.jpg</filename>
<path>C:\Users\10716\OneDrive\Desktop\test_cam\cam_145\2019-12-31_12_00_02_camera_145.jpg</path>
<source>
    <database>Unknown</database>
</source>
<size>
    <width>1920</width>
    <height>1080</height>
    <depth>3</depth>
</size>

<segmented>0</segmented>
    <object>
    <name>car</name>
    <pose>Unspecified</pose>
    <truncated>0</truncated>
    <difficult>0</difficult>
    <bndbox>
        <xmin>1334</xmin>
        <ymin>636</ymin>
        <xmax>1430</xmax>
        <ymax>768</ymax>
    </bndbox>
</object>
    <object>
    <name>car</name>
    <pose>Unspecified</pose>
    <truncated>0</truncated>
    <difficult>0</difficult>
    <bndbox>
        <xmin>1398</xmin>
        <ymin>512</ymin>
        <xmax>1454</xmax>
        <ymax>576</ymax>
    </bndbox>
</object>
    <object>
    <name>car</name>
    <pose>Unspecified</pose>
    <truncated>0</truncated>
    <difficult>0</difficult>
    <bndbox>
        <xmin>1258</xmin>
        <ymin>372</ymin>
        <xmax>1306</xmax>
        <ymax>428</ymax>
    </bndbox>
</object>
    <object>
    <name>car</name>
    <pose>Unspecified</pose>
    <truncated>0</truncated>
    <difficult>0</difficult>
    <bndbox>
        <xmin>1220</xmin>
        <ymin>304</ymin>
        <xmax>1248</xmax>
        <ymax>332</ymax>
    </bndbox>
</object>
    <object>
    <name>car</name>
    <pose>Unspecified</pose>
    <truncated>0</truncated>
    <difficult>0</difficult>
    <bndbox>
        <xmin>1310</xmin>
        <ymin>248</ymin>
        <xmax>1338</xmax>
        <ymax>284</ymax>
    </bndbox>
</object>
    <object>
    <name>car</name>
    <pose>Unspecified</pose>
    <truncated>0</truncated>
    <difficult>0</difficult>
    <bndbox>
        <xmin>1054</xmin>
        <ymin>540</ymin>
        <xmax>1126</xmax>
        <ymax>596</ymax>
    </bndbox>
</object>
    <object>
    <name>car</name>
    <pose>Unspecified</pose>
    <truncated>0</truncated>
    <difficult>0</difficult>
    <bndbox>
        <xmin>954</xmin>
        <ymin>772</ymin>
        <xmax>1070</xmax>
        <ymax>872</ymax>
    </bndbox>
</object>
    <object>
    <name>car</name>
    <pose>Unspecified</pose>
    <truncated>0</truncated>
    <difficult>0</difficult>
    <bndbox>
        <xmin>670</xmin>
        <ymin>840</ymin>
        <xmax>822</xmax>
        <ymax>948</ymax>
    </bndbox>
</object>
    <object>
    <name>car</name>
    <pose>Unspecified</pose>
    <truncated>0</truncated>
    <difficult>0</difficult>
    <bndbox>
        <xmin>522</xmin>
        <ymin>528</ymin>
        <xmax>642</xmax>
        <ymax>616</ymax>
    </bndbox>
</object>
    <object>
    <name>car</name>
    <pose>Unspecified</pose>
    <truncated>0</truncated>
    <difficult>0</difficult>
    <bndbox>
        <xmin>806</xmin>
        <ymin>372</ymin>
        <xmax>858</xmax>
        <ymax>412</ymax>
    </bndbox>
</object>
    <object>
    <name>car</name>
    <pose>Unspecified</pose>
    <truncated>0</truncated>
    <difficult>0</difficult>
    <bndbox>
        <xmin>1263</xmin>
        <ymin>237</ymin>
        <xmax>1283</xmax>
        <ymax>257</ymax>
    </bndbox>
</object>
    <object>
    <name>car</name>
    <pose>Unspecified</pose>
    <truncated>0</truncated>
    <difficult>0</difficult>
    <bndbox>
        <xmin>983</xmin>
        <ymin>265</ymin>
        <xmax>1011</xmax>
        <ymax>290</ymax>
    </bndbox>
</object>
    <object>
    <name>car</name>
    <pose>Unspecified</pose>
    <truncated>0</truncated>
    <difficult>0</difficult>
    <bndbox>
        <xmin>1056</xmin>
        <ymin>192</ymin>
        <xmax>1071</xmax>
        <ymax>215</ymax>
    </bndbox>
</object>
    <object>
    <name>car</name>
    <pose>Unspecified</pose>
    <truncated>0</truncated>
    <difficult>0</difficult>
    <bndbox>
        <xmin>1201</xmin>
        <ymin>195</ymin>
        <xmax>1218</xmax>
        <ymax>212</ymax>
    </bndbox>
</object>
    <object>
    <name>car</name>
    <pose>Unspecified</pose>
    <truncated>0</truncated>
    <difficult>0</difficult>
    <bndbox>
        <xmin>1248</xmin>
        <ymin>192</ymin>
        <xmax>1263</xmax>
        <ymax>207</ymax>
    </bndbox>
</object>
</annotation>