<annotation>
<folder>cam_145</folder>
<filename>2019-12-30_17_00_02_camera_145.jpg</filename>
<path>C:\Users\10716\OneDrive\Desktop\test_cam\cam_145\2019-12-30_17_00_02_camera_145.jpg</path>
<source>
    <database>Unknown</database>
</source>
<size>
    <width>1920</width>
    <height>1080</height>
    <depth>3</depth>
</size>

<segmented>0</segmented>
    <object>
    <name>car</name>
    <pose>Unspecified</pose>
    <truncated>0</truncated>
    <difficult>0</difficult>
    <bndbox>
        <xmin>1246</xmin>
        <ymin>504</ymin>
        <xmax>1326</xmax>
        <ymax>616</ymax>
    </bndbox>
</object>
    <object>
    <name>car</name>
    <pose>Unspecified</pose>
    <truncated>0</truncated>
    <difficult>0</difficult>
    <bndbox>
        <xmin>1246</xmin>
        <ymin>412</ymin>
        <xmax>1286</xmax>
        <ymax>448</ymax>
    </bndbox>
</object>
    <object>
    <name>car</name>
    <pose>Unspecified</pose>
    <truncated>0</truncated>
    <difficult>0</difficult>
    <bndbox>
        <xmin>1306</xmin>
        <ymin>232</ymin>
        <xmax>1338</xmax>
        <ymax>272</ymax>
    </bndbox>
</object>
    <object>
    <name>car</name>
    <pose>Unspecified</pose>
    <truncated>0</truncated>
    <difficult>0</difficult>
    <bndbox>
        <xmin>1070</xmin>
        <ymin>248</ymin>
        <xmax>1094</xmax>
        <ymax>272</ymax>
    </bndbox>
</object>
    <object>
    <name>car</name>
    <pose>Unspecified</pose>
    <truncated>0</truncated>
    <difficult>0</difficult>
    <bndbox>
        <xmin>1014</xmin>
        <ymin>324</ymin>
        <xmax>1046</xmax>
        <ymax>356</ymax>
    </bndbox>
</object>
    <object>
    <name>car</name>
    <pose>Unspecified</pose>
    <truncated>0</truncated>
    <difficult>0</difficult>
    <bndbox>
        <xmin>722</xmin>
        <ymin>396</ymin>
        <xmax>774</xmax>
        <ymax>432</ymax>
    </bndbox>
</object>
    <object>
    <name>car</name>
    <pose>Unspecified</pose>
    <truncated>0</truncated>
    <difficult>0</difficult>
    <bndbox>
        <xmin>1046</xmin>
        <ymin>232</ymin>
        <xmax>1066</xmax>
        <ymax>252</ymax>
    </bndbox>
</object>
    <object>
    <name>car</name>
    <pose>Unspecified</pose>
    <truncated>0</truncated>
    <difficult>0</difficult>
    <bndbox>
        <xmin>650</xmin>
        <ymin>536</ymin>
        <xmax>742</xmax>
        <ymax>604</ymax>
    </bndbox>
</object>
</annotation>