<annotation>
<folder>cam_145</folder>
<filename>2019-12-28_15_40_01_camera_145.jpg</filename>
<path>C:\Users\10716\OneDrive\Desktop\test_cam\cam_145\2019-12-28_15_40_01_camera_145.jpg</path>
<source>
    <database>Unknown</database>
</source>
<size>
    <width>1920</width>
    <height>1080</height>
    <depth>3</depth>
</size>

<segmented>0</segmented>
    <object>
    <name>car</name>
    <pose>Unspecified</pose>
    <truncated>0</truncated>
    <difficult>0</difficult>
    <bndbox>
        <xmin>842</xmin>
        <ymin>740</ymin>
        <xmax>1046</xmax>
        <ymax>956</ymax>
    </bndbox>
</object>
    <object>
    <name>car</name>
    <pose>Unspecified</pose>
    <truncated>0</truncated>
    <difficult>0</difficult>
    <bndbox>
        <xmin>842</xmin>
        <ymin>700</ymin>
        <xmax>954</xmax>
        <ymax>792</ymax>
    </bndbox>
</object>
    <object>
    <name>car</name>
    <pose>Unspecified</pose>
    <truncated>0</truncated>
    <difficult>0</difficult>
    <bndbox>
        <xmin>1130</xmin>
        <ymin>696</ymin>
        <xmax>1234</xmax>
        <ymax>796</ymax>
    </bndbox>
</object>
    <object>
    <name>car</name>
    <pose>Unspecified</pose>
    <truncated>0</truncated>
    <difficult>0</difficult>
    <bndbox>
        <xmin>1146</xmin>
        <ymin>556</ymin>
        <xmax>1222</xmax>
        <ymax>616</ymax>
    </bndbox>
</object>
    <object>
    <name>car</name>
    <pose>Unspecified</pose>
    <truncated>0</truncated>
    <difficult>0</difficult>
    <bndbox>
        <xmin>1322</xmin>
        <ymin>420</ymin>
        <xmax>1366</xmax>
        <ymax>464</ymax>
    </bndbox>
</object>
    <object>
    <name>car</name>
    <pose>Unspecified</pose>
    <truncated>0</truncated>
    <difficult>0</difficult>
    <bndbox>
        <xmin>1402</xmin>
        <ymin>356</ymin>
        <xmax>1442</xmax>
        <ymax>396</ymax>
    </bndbox>
</object>
    <object>
    <name>car</name>
    <pose>Unspecified</pose>
    <truncated>0</truncated>
    <difficult>0</difficult>
    <bndbox>
        <xmin>1278</xmin>
        <ymin>280</ymin>
        <xmax>1302</xmax>
        <ymax>304</ymax>
    </bndbox>
</object>
    <object>
    <name>car</name>
    <pose>Unspecified</pose>
    <truncated>0</truncated>
    <difficult>0</difficult>
    <bndbox>
        <xmin>1226</xmin>
        <ymin>228</ymin>
        <xmax>1250</xmax>
        <ymax>256</ymax>
    </bndbox>
</object>
    <object>
    <name>car</name>
    <pose>Unspecified</pose>
    <truncated>0</truncated>
    <difficult>0</difficult>
    <bndbox>
        <xmin>1062</xmin>
        <ymin>268</ymin>
        <xmax>1086</xmax>
        <ymax>292</ymax>
    </bndbox>
</object>
    <object>
    <name>car</name>
    <pose>Unspecified</pose>
    <truncated>0</truncated>
    <difficult>0</difficult>
    <bndbox>
        <xmin>1014</xmin>
        <ymin>272</ymin>
        <xmax>1038</xmax>
        <ymax>292</ymax>
    </bndbox>
</object>
    <object>
    <name>car</name>
    <pose>Unspecified</pose>
    <truncated>0</truncated>
    <difficult>0</difficult>
    <bndbox>
        <xmin>994</xmin>
        <ymin>244</ymin>
        <xmax>1018</xmax>
        <ymax>264</ymax>
    </bndbox>
</object>
    <object>
    <name>car</name>
    <pose>Unspecified</pose>
    <truncated>0</truncated>
    <difficult>0</difficult>
    <bndbox>
        <xmin>1211</xmin>
        <ymin>180</ymin>
        <xmax>1223</xmax>
        <ymax>192</ymax>
    </bndbox>
</object>
</annotation>