<annotation>
<folder>cam_145</folder>
<filename>2019-12-31_15_50_01_camera_145.jpg</filename>
<path>C:\Users\10716\OneDrive\Desktop\test_cam\cam_145\2019-12-31_15_50_01_camera_145.jpg</path>
<source>
    <database>Unknown</database>
</source>
<size>
    <width>1920</width>
    <height>1080</height>
    <depth>3</depth>
</size>

<segmented>0</segmented>
    <object>
    <name>car</name>
    <pose>Unspecified</pose>
    <truncated>0</truncated>
    <difficult>0</difficult>
    <bndbox>
        <xmin>1306</xmin>
        <ymin>652</ymin>
        <xmax>1390</xmax>
        <ymax>732</ymax>
    </bndbox>
</object>
    <object>
    <name>car</name>
    <pose>Unspecified</pose>
    <truncated>0</truncated>
    <difficult>0</difficult>
    <bndbox>
        <xmin>1018</xmin>
        <ymin>668</ymin>
        <xmax>1134</xmax>
        <ymax>776</ymax>
    </bndbox>
</object>
    <object>
    <name>car</name>
    <pose>Unspecified</pose>
    <truncated>0</truncated>
    <difficult>0</difficult>
    <bndbox>
        <xmin>1010</xmin>
        <ymin>580</ymin>
        <xmax>1090</xmax>
        <ymax>636</ymax>
    </bndbox>
</object>
    <object>
    <name>car</name>
    <pose>Unspecified</pose>
    <truncated>0</truncated>
    <difficult>0</difficult>
    <bndbox>
        <xmin>1198</xmin>
        <ymin>484</ymin>
        <xmax>1258</xmax>
        <ymax>528</ymax>
    </bndbox>
</object>
    <object>
    <name>car</name>
    <pose>Unspecified</pose>
    <truncated>0</truncated>
    <difficult>0</difficult>
    <bndbox>
        <xmin>1134</xmin>
        <ymin>452</ymin>
        <xmax>1190</xmax>
        <ymax>504</ymax>
    </bndbox>
</object>
    <object>
    <name>car</name>
    <pose>Unspecified</pose>
    <truncated>0</truncated>
    <difficult>0</difficult>
    <bndbox>
        <xmin>770</xmin>
        <ymin>760</ymin>
        <xmax>926</xmax>
        <ymax>888</ymax>
    </bndbox>
</object>
    <object>
    <name>car</name>
    <pose>Unspecified</pose>
    <truncated>0</truncated>
    <difficult>0</difficult>
    <bndbox>
        <xmin>1326</xmin>
        <ymin>396</ymin>
        <xmax>1374</xmax>
        <ymax>456</ymax>
    </bndbox>
</object>
    <object>
    <name>car</name>
    <pose>Unspecified</pose>
    <truncated>0</truncated>
    <difficult>0</difficult>
    <bndbox>
        <xmin>1270</xmin>
        <ymin>356</ymin>
        <xmax>1298</xmax>
        <ymax>388</ymax>
    </bndbox>
</object>
    <object>
    <name>car</name>
    <pose>Unspecified</pose>
    <truncated>0</truncated>
    <difficult>0</difficult>
    <bndbox>
        <xmin>1278</xmin>
        <ymin>300</ymin>
        <xmax>1310</xmax>
        <ymax>332</ymax>
    </bndbox>
</object>
    <object>
    <name>car</name>
    <pose>Unspecified</pose>
    <truncated>0</truncated>
    <difficult>0</difficult>
    <bndbox>
        <xmin>906</xmin>
        <ymin>396</ymin>
        <xmax>958</xmax>
        <ymax>436</ymax>
    </bndbox>
</object>
    <object>
    <name>car</name>
    <pose>Unspecified</pose>
    <truncated>0</truncated>
    <difficult>0</difficult>
    <bndbox>
        <xmin>1311</xmin>
        <ymin>257</ymin>
        <xmax>1333</xmax>
        <ymax>280</ymax>
    </bndbox>
</object>
    <object>
    <name>car</name>
    <pose>Unspecified</pose>
    <truncated>0</truncated>
    <difficult>0</difficult>
    <bndbox>
        <xmin>1226</xmin>
        <ymin>247</ymin>
        <xmax>1248</xmax>
        <ymax>267</ymax>
    </bndbox>
</object>
    <object>
    <name>car</name>
    <pose>Unspecified</pose>
    <truncated>0</truncated>
    <difficult>0</difficult>
    <bndbox>
        <xmin>1396</xmin>
        <ymin>245</ymin>
        <xmax>1416</xmax>
        <ymax>265</ymax>
    </bndbox>
</object>
    <object>
    <name>car</name>
    <pose>Unspecified</pose>
    <truncated>0</truncated>
    <difficult>0</difficult>
    <bndbox>
        <xmin>968</xmin>
        <ymin>305</ymin>
        <xmax>1003</xmax>
        <ymax>340</ymax>
    </bndbox>
</object>
    <object>
    <name>car</name>
    <pose>Unspecified</pose>
    <truncated>0</truncated>
    <difficult>0</difficult>
    <bndbox>
        <xmin>881</xmin>
        <ymin>287</ymin>
        <xmax>908</xmax>
        <ymax>310</ymax>
    </bndbox>
</object>
</annotation>