<annotation>
<folder>cam_145</folder>
<filename>2019-12-28_13_00_02_camera_145.jpg</filename>
<path>C:\Users\10716\OneDrive\Desktop\test_cam\cam_145\2019-12-28_13_00_02_camera_145.jpg</path>
<source>
    <database>Unknown</database>
</source>
<size>
    <width>1920</width>
    <height>1080</height>
    <depth>3</depth>
</size>

<segmented>0</segmented>
    <object>
    <name>car</name>
    <pose>Unspecified</pose>
    <truncated>0</truncated>
    <difficult>0</difficult>
    <bndbox>
        <xmin>1322</xmin>
        <ymin>284</ymin>
        <xmax>1354</xmax>
        <ymax>316</ymax>
    </bndbox>
</object>
    <object>
    <name>car</name>
    <pose>Unspecified</pose>
    <truncated>0</truncated>
    <difficult>0</difficult>
    <bndbox>
        <xmin>1110</xmin>
        <ymin>596</ymin>
        <xmax>1186</xmax>
        <ymax>660</ymax>
    </bndbox>
</object>
    <object>
    <name>car</name>
    <pose>Unspecified</pose>
    <truncated>0</truncated>
    <difficult>0</difficult>
    <bndbox>
        <xmin>686</xmin>
        <ymin>872</ymin>
        <xmax>862</xmax>
        <ymax>1024</ymax>
    </bndbox>
</object>
    <object>
    <name>car</name>
    <pose>Unspecified</pose>
    <truncated>0</truncated>
    <difficult>0</difficult>
    <bndbox>
        <xmin>690</xmin>
        <ymin>480</ymin>
        <xmax>770</xmax>
        <ymax>532</ymax>
    </bndbox>
</object>
    <object>
    <name>car</name>
    <pose>Unspecified</pose>
    <truncated>0</truncated>
    <difficult>0</difficult>
    <bndbox>
        <xmin>710</xmin>
        <ymin>424</ymin>
        <xmax>786</xmax>
        <ymax>472</ymax>
    </bndbox>
</object>
    <object>
    <name>car</name>
    <pose>Unspecified</pose>
    <truncated>0</truncated>
    <difficult>0</difficult>
    <bndbox>
        <xmin>858</xmin>
        <ymin>388</ymin>
        <xmax>914</xmax>
        <ymax>428</ymax>
    </bndbox>
</object>
    <object>
    <name>car</name>
    <pose>Unspecified</pose>
    <truncated>0</truncated>
    <difficult>0</difficult>
    <bndbox>
        <xmin>990</xmin>
        <ymin>328</ymin>
        <xmax>1030</xmax>
        <ymax>360</ymax>
    </bndbox>
</object>
    <object>
    <name>car</name>
    <pose>Unspecified</pose>
    <truncated>0</truncated>
    <difficult>0</difficult>
    <bndbox>
        <xmin>1038</xmin>
        <ymin>240</ymin>
        <xmax>1062</xmax>
        <ymax>260</ymax>
    </bndbox>
</object>
    <object>
    <name>car</name>
    <pose>Unspecified</pose>
    <truncated>0</truncated>
    <difficult>0</difficult>
    <bndbox>
        <xmin>1198</xmin>
        <ymin>160</ymin>
        <xmax>1214</xmax>
        <ymax>168</ymax>
    </bndbox>
</object>
    <object>
    <name>car</name>
    <pose>Unspecified</pose>
    <truncated>0</truncated>
    <difficult>0</difficult>
    <bndbox>
        <xmin>1230</xmin>
        <ymin>168</ymin>
        <xmax>1254</xmax>
        <ymax>188</ymax>
    </bndbox>
</object>
    <object>
    <name>car</name>
    <pose>Unspecified</pose>
    <truncated>0</truncated>
    <difficult>0</difficult>
    <bndbox>
        <xmin>242</xmin>
        <ymin>672</ymin>
        <xmax>402</xmax>
        <ymax>784</ymax>
    </bndbox>
</object>
    <object>
    <name>car</name>
    <pose>Unspecified</pose>
    <truncated>0</truncated>
    <difficult>0</difficult>
    <bndbox>
        <xmin>166</xmin>
        <ymin>652</ymin>
        <xmax>314</xmax>
        <ymax>752</ymax>
    </bndbox>
</object>
</annotation>