<annotation>
    <folder>JPEGImages</folder>
    <filename>2019-12-28_08_55_01_camera_145.jpg</filename>
    <path>/content/gdrive/My Drive/Colab Notebooks/traffic_density_dnn/automl/efficientdet/data/ohgo_cam_test/cam_145/JPEGImages/2019-12-28_08_55_01_camera_145.jpg</path>
    <source>
        <database>Unknown</database>
    </source>
    <size>
        <width>1920</width>
        <height>1080</height>
        <depth>3</depth>
    </size>
    <segmented>0</segmented>
    <object>
        <name>car</name>
        <pose>Unspecified</pose>
        <truncated>0</truncated>
        <difficult>0</difficult>
        <bndbox>
            <xmin>1303.5215</xmin>
            <ymin>707.74457</ymin>
            <xmax>1398.1287</xmax>
            <ymax>796.1241</ymax>
        </bndbox>
    </object>    <object>
        <name>car</name>
        <pose>Unspecified</pose>
        <truncated>0</truncated>
        <difficult>0</difficult>
        <bndbox>
            <xmin>1188.009</xmin>
            <ymin>510.90625</ymin>
            <xmax>1251.5208</xmax>
            <ymax>566.027</ymax>
        </bndbox>
    </object>    <object>
        <name>car</name>
        <pose>Unspecified</pose>
        <truncated>0</truncated>
        <difficult>0</difficult>
        <bndbox>
            <xmin>480.01154</xmin>
            <ymin>495.00302</ymin>
            <xmax>575.8848</xmax>
            <ymax>561.6557</ymax>
        </bndbox>
    </object>    <object>
        <name>car</name>
        <pose>Unspecified</pose>
        <truncated>0</truncated>
        <difficult>0</difficult>
        <bndbox>
            <xmin>1258.4681</xmin>
            <ymin>369.24945</ymin>
            <xmax>1297.683</xmax>
            <ymax>406.72583</ymax>
        </bndbox>
    </object>    <object>
        <name>car</name>
        <pose>Unspecified</pose>
        <truncated>0</truncated>
        <difficult>0</difficult>
        <bndbox>
            <xmin>1175.0085</xmin>
            <ymin>376.63937</ymin>
            <xmax>1214.5847</xmax>
            <ymax>407.53256</ymax>
        </bndbox>
    </object>    <object>
        <name>car</name>
        <pose>Unspecified</pose>
        <truncated>0</truncated>
        <difficult>0</difficult>
        <bndbox>
            <xmin>1034.365</xmin>
            <ymin>191.02736</ymin>
            <xmax>1047.7812</xmax>
            <ymax>201.6411</ymax>
        </bndbox>
    </object>
</annotation>
