<annotation>
    <folder>JPEGImages</folder>
    <filename>2019-12-30_16_20_01_camera_145.jpg</filename>
    <path>/content/gdrive/My Drive/Colab Notebooks/traffic_density_dnn/automl/efficientdet/data/ohgo_cam_test/cam_145/JPEGImages/2019-12-30_16_20_01_camera_145.jpg</path>
    <source>
        <database>Unknown</database>
    </source>
    <size>
        <width>1920</width>
        <height>1080</height>
        <depth>3</depth>
    </size>
    <segmented>0</segmented>
    <object>
        <name>car</name>
        <pose>Unspecified</pose>
        <truncated>0</truncated>
        <difficult>0</difficult>
        <bndbox>
            <xmin>444.8676</xmin>
            <ymin>601.74585</ymin>
            <xmax>559.8006</xmax>
            <ymax>681.3517</ymax>
        </bndbox>
    </object>    <object>
        <name>car</name>
        <pose>Unspecified</pose>
        <truncated>0</truncated>
        <difficult>0</difficult>
        <bndbox>
            <xmin>1331.4843</xmin>
            <ymin>389.11304</ymin>
            <xmax>1370.9303</xmax>
            <ymax>428.96704</ymax>
        </bndbox>
    </object>    <object>
        <name>car</name>
        <pose>Unspecified</pose>
        <truncated>0</truncated>
        <difficult>0</difficult>
        <bndbox>
            <xmin>770.3827</xmin>
            <ymin>355.3052</ymin>
            <xmax>813.9967</xmax>
            <ymax>387.5131</ymax>
        </bndbox>
    </object>    <object>
        <name>car</name>
        <pose>Unspecified</pose>
        <truncated>0</truncated>
        <difficult>0</difficult>
        <bndbox>
            <xmin>1233.5726</xmin>
            <ymin>426.5543</ymin>
            <xmax>1281.839</xmax>
            <ymax>469.41525</ymax>
        </bndbox>
    </object>    <object>
        <name>car</name>
        <pose>Unspecified</pose>
        <truncated>0</truncated>
        <difficult>0</difficult>
        <bndbox>
            <xmin>230.81937</xmin>
            <ymin>638.42334</ymin>
            <xmax>372.63803</xmax>
            <ymax>724.14014</ymax>
        </bndbox>
    </object>    <object>
        <name>car</name>
        <pose>Unspecified</pose>
        <truncated>0</truncated>
        <difficult>0</difficult>
        <bndbox>
            <xmin>560.34015</xmin>
            <ymin>512.87506</ymin>
            <xmax>644.2729</xmax>
            <ymax>565.9394</ymax>
        </bndbox>
    </object>    <object>
        <name>car</name>
        <pose>Unspecified</pose>
        <truncated>0</truncated>
        <difficult>0</difficult>
        <bndbox>
            <xmin>1223.2062</xmin>
            <ymin>301.17154</ymin>
            <xmax>1248.2394</xmax>
            <ymax>324.30862</ymax>
        </bndbox>
    </object>    <object>
        <name>car</name>
        <pose>Unspecified</pose>
        <truncated>0</truncated>
        <difficult>0</difficult>
        <bndbox>
            <xmin>1206.3861</xmin>
            <ymin>175.66684</ymin>
            <xmax>1222.2411</xmax>
            <ymax>187.94696</ymax>
        </bndbox>
    </object>    <object>
        <name>car</name>
        <pose>Unspecified</pose>
        <truncated>0</truncated>
        <difficult>0</difficult>
        <bndbox>
            <xmin>1170.122</xmin>
            <ymin>168.49014</ymin>
            <xmax>1183.9989</xmax>
            <ymax>179.54361</ymax>
        </bndbox>
    </object>
</annotation>
