<annotation>
    <folder>JPEGImages</folder>
    <filename>2019-12-30_16_10_01_camera_145.jpg</filename>
    <path>/content/gdrive/My Drive/Colab Notebooks/traffic_density_dnn/automl/efficientdet/data/ohgo_cam_test/cam_145/JPEGImages/2019-12-30_16_10_01_camera_145.jpg</path>
    <source>
        <database>Unknown</database>
    </source>
    <size>
        <width>1920</width>
        <height>1080</height>
        <depth>3</depth>
    </size>
    <segmented>0</segmented>
    <object>
        <name>car</name>
        <pose>Unspecified</pose>
        <truncated>0</truncated>
        <difficult>0</difficult>
        <bndbox>
            <xmin>894.04535</xmin>
            <ymin>369.0526</ymin>
            <xmax>940.207</xmax>
            <ymax>404.41058</ymax>
        </bndbox>
    </object>    <object>
        <name>car</name>
        <pose>Unspecified</pose>
        <truncated>0</truncated>
        <difficult>0</difficult>
        <bndbox>
            <xmin>751.7605</xmin>
            <ymin>362.61984</ymin>
            <xmax>802.5199</xmax>
            <ymax>398.95908</ymax>
        </bndbox>
    </object>    <object>
        <name>car</name>
        <pose>Unspecified</pose>
        <truncated>0</truncated>
        <difficult>0</difficult>
        <bndbox>
            <xmin>1052.4165</xmin>
            <ymin>653.37915</ymin>
            <xmax>1147.2068</xmax>
            <ymax>728.79663</ymax>
        </bndbox>
    </object>    <object>
        <name>car</name>
        <pose>Unspecified</pose>
        <truncated>0</truncated>
        <difficult>0</difficult>
        <bndbox>
            <xmin>1272.5148</xmin>
            <ymin>532.9806</ymin>
            <xmax>1334.8168</xmax>
            <ymax>590.4955</ymax>
        </bndbox>
    </object>    <object>
        <name>car</name>
        <pose>Unspecified</pose>
        <truncated>0</truncated>
        <difficult>0</difficult>
        <bndbox>
            <xmin>1141.5084</xmin>
            <ymin>459.205</ymin>
            <xmax>1190.0406</xmax>
            <ymax>498.9283</ymax>
        </bndbox>
    </object>    <object>
        <name>car</name>
        <pose>Unspecified</pose>
        <truncated>0</truncated>
        <difficult>0</difficult>
        <bndbox>
            <xmin>1008.8908</xmin>
            <ymin>278.8709</ymin>
            <xmax>1042.2482</xmax>
            <ymax>307.93616</ymax>
        </bndbox>
    </object>    <object>
        <name>car</name>
        <pose>Unspecified</pose>
        <truncated>0</truncated>
        <difficult>0</difficult>
        <bndbox>
            <xmin>714.76807</xmin>
            <ymin>478.30634</ymin>
            <xmax>781.4785</xmax>
            <ymax>523.73706</ymax>
        </bndbox>
    </object>    <object>
        <name>car</name>
        <pose>Unspecified</pose>
        <truncated>0</truncated>
        <difficult>0</difficult>
        <bndbox>
            <xmin>1412.9136</xmin>
            <ymin>335.94562</ymin>
            <xmax>1448.8154</xmax>
            <ymax>369.8402</ymax>
        </bndbox>
    </object>    <object>
        <name>car</name>
        <pose>Unspecified</pose>
        <truncated>0</truncated>
        <difficult>0</difficult>
        <bndbox>
            <xmin>1075.5558</xmin>
            <ymin>796.6362</ymin>
            <xmax>1197.1625</xmax>
            <ymax>901.79443</ymax>
        </bndbox>
    </object>    <object>
        <name>car</name>
        <pose>Unspecified</pose>
        <truncated>0</truncated>
        <difficult>0</difficult>
        <bndbox>
            <xmin>914.46655</xmin>
            <ymin>390.75546</ymin>
            <xmax>976.6725</xmax>
            <ymax>438.83176</ymax>
        </bndbox>
    </object>    <object>
        <name>car</name>
        <pose>Unspecified</pose>
        <truncated>0</truncated>
        <difficult>0</difficult>
        <bndbox>
            <xmin>1183.862</xmin>
            <ymin>385.49603</ymin>
            <xmax>1222.0007</xmax>
            <ymax>417.5849</ymax>
        </bndbox>
    </object>    <object>
        <name>car</name>
        <pose>Unspecified</pose>
        <truncated>0</truncated>
        <difficult>0</difficult>
        <bndbox>
            <xmin>236.51852</xmin>
            <ymin>626.075</ymin>
            <xmax>370.9481</xmax>
            <ymax>708.3055</ymax>
        </bndbox>
    </object>    <object>
        <name>car</name>
        <pose>Unspecified</pose>
        <truncated>0</truncated>
        <difficult>0</difficult>
        <bndbox>
            <xmin>1009.01984</xmin>
            <ymin>228.00848</ymin>
            <xmax>1040.1276</xmax>
            <ymax>254.00998</ymax>
        </bndbox>
    </object>    <object>
        <name>car</name>
        <pose>Unspecified</pose>
        <truncated>0</truncated>
        <difficult>0</difficult>
        <bndbox>
            <xmin>1217.853</xmin>
            <ymin>229.04222</ymin>
            <xmax>1242.0212</xmax>
            <ymax>254.65044</ymax>
        </bndbox>
    </object>    <object>
        <name>car</name>
        <pose>Unspecified</pose>
        <truncated>0</truncated>
        <difficult>0</difficult>
        <bndbox>
            <xmin>1259.4644</xmin>
            <ymin>235.36194</ymin>
            <xmax>1282.1929</xmax>
            <ymax>255.15689</ymax>
        </bndbox>
    </object>
</annotation>
