<annotation>
    <folder>JPEGImages</folder>
    <filename>2019-12-31_10_50_02_camera_145.jpg</filename>
    <path>/content/gdrive/My Drive/Colab Notebooks/traffic_density_dnn/automl/efficientdet/data/ohgo_cam_test/cam_145/JPEGImages/2019-12-31_10_50_02_camera_145.jpg</path>
    <source>
        <database>Unknown</database>
    </source>
    <size>
        <width>1920</width>
        <height>1080</height>
        <depth>3</depth>
    </size>
    <segmented>0</segmented>
    <object>
        <name>car</name>
        <pose>Unspecified</pose>
        <truncated>0</truncated>
        <difficult>0</difficult>
        <bndbox>
            <xmin>622.5794</xmin>
            <ymin>876.3638</ymin>
            <xmax>795.67035</xmax>
            <ymax>996.5055</ymax>
        </bndbox>
    </object>    <object>
        <name>car</name>
        <pose>Unspecified</pose>
        <truncated>0</truncated>
        <difficult>0</difficult>
        <bndbox>
            <xmin>1069.4241</xmin>
            <ymin>534.8363</ymin>
            <xmax>1133.3145</xmax>
            <ymax>588.0492</ymax>
        </bndbox>
    </object>    <object>
        <name>car</name>
        <pose>Unspecified</pose>
        <truncated>0</truncated>
        <difficult>0</difficult>
        <bndbox>
            <xmin>1193.7587</xmin>
            <ymin>377.1431</ymin>
            <xmax>1229.4474</xmax>
            <ymax>406.0156</ymax>
        </bndbox>
    </object>    <object>
        <name>car</name>
        <pose>Unspecified</pose>
        <truncated>0</truncated>
        <difficult>0</difficult>
        <bndbox>
            <xmin>1273.4081</xmin>
            <ymin>324.43607</ymin>
            <xmax>1305.901</xmax>
            <ymax>356.6913</ymax>
        </bndbox>
    </object>    <object>
        <name>car</name>
        <pose>Unspecified</pose>
        <truncated>0</truncated>
        <difficult>0</difficult>
        <bndbox>
            <xmin>1341.3947</xmin>
            <ymin>323.9102</ymin>
            <xmax>1371.2946</xmax>
            <ymax>350.97427</ymax>
        </bndbox>
    </object>    <object>
        <name>car</name>
        <pose>Unspecified</pose>
        <truncated>0</truncated>
        <difficult>0</difficult>
        <bndbox>
            <xmin>660.37994</xmin>
            <ymin>474.3468</ymin>
            <xmax>737.84955</xmax>
            <ymax>532.03296</ymax>
        </bndbox>
    </object>    <object>
        <name>car</name>
        <pose>Unspecified</pose>
        <truncated>0</truncated>
        <difficult>0</difficult>
        <bndbox>
            <xmin>6.7759323</xmin>
            <ymin>634.15186</ymin>
            <xmax>173.4029</xmax>
            <ymax>772.1897</ymax>
        </bndbox>
    </object>    <object>
        <name>car</name>
        <pose>Unspecified</pose>
        <truncated>0</truncated>
        <difficult>0</difficult>
        <bndbox>
            <xmin>1029.6895</xmin>
            <ymin>152.62056</ymin>
            <xmax>1045.2205</xmax>
            <ymax>165.38072</ymax>
        </bndbox>
    </object>
</annotation>
