<annotation>
    <folder>JPEGImages</folder>
    <filename>2019-12-28_13_30_01_camera_145.jpg</filename>
    <path>/content/gdrive/My Drive/Colab Notebooks/traffic_density_dnn/automl/efficientdet/data/ohgo_cam_test/cam_145/JPEGImages/2019-12-28_13_30_01_camera_145.jpg</path>
    <source>
        <database>Unknown</database>
    </source>
    <size>
        <width>1920</width>
        <height>1080</height>
        <depth>3</depth>
    </size>
    <segmented>0</segmented>
    <object>
        <name>car</name>
        <pose>Unspecified</pose>
        <truncated>0</truncated>
        <difficult>0</difficult>
        <bndbox>
            <xmin>1408.0471</xmin>
            <ymin>400.49872</ymin>
            <xmax>1446.8809</xmax>
            <ymax>437.6181</ymax>
        </bndbox>
    </object>    <object>
        <name>car</name>
        <pose>Unspecified</pose>
        <truncated>0</truncated>
        <difficult>0</difficult>
        <bndbox>
            <xmin>1078.7642</xmin>
            <ymin>529.5193</ymin>
            <xmax>1143.3462</xmax>
            <ymax>581.28784</ymax>
        </bndbox>
    </object>    <object>
        <name>car</name>
        <pose>Unspecified</pose>
        <truncated>0</truncated>
        <difficult>0</difficult>
        <bndbox>
            <xmin>1190.1051</xmin>
            <ymin>657.1722</ymin>
            <xmax>1280.0355</xmax>
            <ymax>741.60187</ymax>
        </bndbox>
    </object>    <object>
        <name>car</name>
        <pose>Unspecified</pose>
        <truncated>0</truncated>
        <difficult>0</difficult>
        <bndbox>
            <xmin>1207.7655</xmin>
            <ymin>350.4914</ymin>
            <xmax>1241.472</xmax>
            <ymax>377.57446</ymax>
        </bndbox>
    </object>    <object>
        <name>car</name>
        <pose>Unspecified</pose>
        <truncated>0</truncated>
        <difficult>0</difficult>
        <bndbox>
            <xmin>870.92584</xmin>
            <ymin>350.16364</ymin>
            <xmax>910.79596</xmax>
            <ymax>379.2826</ymax>
        </bndbox>
    </object>    <object>
        <name>car</name>
        <pose>Unspecified</pose>
        <truncated>0</truncated>
        <difficult>0</difficult>
        <bndbox>
            <xmin>956.1483</xmin>
            <ymin>300.9298</ymin>
            <xmax>988.4005</xmax>
            <ymax>326.37573</ymax>
        </bndbox>
    </object>    <object>
        <name>car</name>
        <pose>Unspecified</pose>
        <truncated>0</truncated>
        <difficult>0</difficult>
        <bndbox>
            <xmin>1276.3036</xmin>
            <ymin>323.2239</ymin>
            <xmax>1304.4303</xmax>
            <ymax>352.1691</ymax>
        </bndbox>
    </object>    <object>
        <name>car</name>
        <pose>Unspecified</pose>
        <truncated>0</truncated>
        <difficult>0</difficult>
        <bndbox>
            <xmin>623.89996</xmin>
            <ymin>530.0446</ymin>
            <xmax>715.1375</xmax>
            <ymax>586.96967</ymax>
        </bndbox>
    </object>    <object>
        <name>car</name>
        <pose>Unspecified</pose>
        <truncated>0</truncated>
        <difficult>0</difficult>
        <bndbox>
            <xmin>284.67856</xmin>
            <ymin>608.6388</ymin>
            <xmax>426.66434</xmax>
            <ymax>696.037</ymax>
        </bndbox>
    </object>    <object>
        <name>car</name>
        <pose>Unspecified</pose>
        <truncated>0</truncated>
        <difficult>0</difficult>
        <bndbox>
            <xmin>718.3829</xmin>
            <ymin>442.0345</ymin>
            <xmax>775.02765</xmax>
            <ymax>486.54193</ymax>
        </bndbox>
    </object>
</annotation>
