<annotation>
    <folder>JPEGImages</folder>
    <filename>2019-12-28_12_45_01_camera_145.jpg</filename>
    <path>/content/gdrive/My Drive/Colab Notebooks/traffic_density_dnn/automl/efficientdet/data/ohgo_cam_test/cam_145/JPEGImages/2019-12-28_12_45_01_camera_145.jpg</path>
    <source>
        <database>Unknown</database>
    </source>
    <size>
        <width>1920</width>
        <height>1080</height>
        <depth>3</depth>
    </size>
    <segmented>0</segmented>
    <object>
        <name>car</name>
        <pose>Unspecified</pose>
        <truncated>0</truncated>
        <difficult>0</difficult>
        <bndbox>
            <xmin>1053.4584</xmin>
            <ymin>289.0196</ymin>
            <xmax>1081.8107</xmax>
            <ymax>315.4937</ymax>
        </bndbox>
    </object>    <object>
        <name>car</name>
        <pose>Unspecified</pose>
        <truncated>0</truncated>
        <difficult>0</difficult>
        <bndbox>
            <xmin>1206.6671</xmin>
            <ymin>448.357</ymin>
            <xmax>1266.4181</xmax>
            <ymax>503.76227</ymax>
        </bndbox>
    </object>    <object>
        <name>car</name>
        <pose>Unspecified</pose>
        <truncated>0</truncated>
        <difficult>0</difficult>
        <bndbox>
            <xmin>1005.9545</xmin>
            <ymin>337.17126</ymin>
            <xmax>1041.1648</xmax>
            <ymax>363.6922</ymax>
        </bndbox>
    </object>    <object>
        <name>car</name>
        <pose>Unspecified</pose>
        <truncated>0</truncated>
        <difficult>0</difficult>
        <bndbox>
            <xmin>985.18567</xmin>
            <ymin>303.83188</ymin>
            <xmax>1018.48096</xmax>
            <ymax>328.59903</ymax>
        </bndbox>
    </object>    <object>
        <name>car</name>
        <pose>Unspecified</pose>
        <truncated>0</truncated>
        <difficult>0</difficult>
        <bndbox>
            <xmin>427.4732</xmin>
            <ymin>541.0894</ymin>
            <xmax>514.63306</xmax>
            <ymax>599.3747</ymax>
        </bndbox>
    </object>    <object>
        <name>car</name>
        <pose>Unspecified</pose>
        <truncated>0</truncated>
        <difficult>0</difficult>
        <bndbox>
            <xmin>883.3522</xmin>
            <ymin>374.98904</ymin>
            <xmax>930.79443</xmax>
            <ymax>416.5455</ymax>
        </bndbox>
    </object>    <object>
        <name>car</name>
        <pose>Unspecified</pose>
        <truncated>0</truncated>
        <difficult>0</difficult>
        <bndbox>
            <xmin>1069.2509</xmin>
            <ymin>259.4031</ymin>
            <xmax>1096.548</xmax>
            <ymax>286.55923</ymax>
        </bndbox>
    </object>    <object>
        <name>car</name>
        <pose>Unspecified</pose>
        <truncated>0</truncated>
        <difficult>0</difficult>
        <bndbox>
            <xmin>1057.139</xmin>
            <ymin>221.01175</ymin>
            <xmax>1076.9862</xmax>
            <ymax>235.9943</ymax>
        </bndbox>
    </object>    <object>
        <name>car</name>
        <pose>Unspecified</pose>
        <truncated>0</truncated>
        <difficult>0</difficult>
        <bndbox>
            <xmin>1263.5349</xmin>
            <ymin>258.24155</ymin>
            <xmax>1288.7434</xmax>
            <ymax>278.99985</ymax>
        </bndbox>
    </object>    <object>
        <name>car</name>
        <pose>Unspecified</pose>
        <truncated>0</truncated>
        <difficult>0</difficult>
        <bndbox>
            <xmin>1093.2488</xmin>
            <ymin>219.97168</ymin>
            <xmax>1111.7041</xmax>
            <ymax>234.85208</ymax>
        </bndbox>
    </object>    <object>
        <name>car</name>
        <pose>Unspecified</pose>
        <truncated>0</truncated>
        <difficult>0</difficult>
        <bndbox>
            <xmin>888.0667</xmin>
            <ymin>798.49054</ymin>
            <xmax>1035.4913</xmax>
            <ymax>918.8776</ymax>
        </bndbox>
    </object>
</annotation>
