<annotation>
    <folder>JPEGImages</folder>
    <filename>2019-12-28_11_40_01_camera_145.jpg</filename>
    <path>/content/gdrive/My Drive/Colab Notebooks/traffic_density_dnn/automl/efficientdet/data/ohgo_cam_test/cam_145/JPEGImages/2019-12-28_11_40_01_camera_145.jpg</path>
    <source>
        <database>Unknown</database>
    </source>
    <size>
        <width>1920</width>
        <height>1080</height>
        <depth>3</depth>
    </size>
    <segmented>0</segmented>
    <object>
        <name>car</name>
        <pose>Unspecified</pose>
        <truncated>0</truncated>
        <difficult>0</difficult>
        <bndbox>
            <xmin>530.9574</xmin>
            <ymin>927.6719</ymin>
            <xmax>732.562</xmax>
            <ymax>1072.6802</ymax>
        </bndbox>
    </object>    <object>
        <name>car</name>
        <pose>Unspecified</pose>
        <truncated>0</truncated>
        <difficult>0</difficult>
        <bndbox>
            <xmin>843.99115</xmin>
            <ymin>430.20572</ymin>
            <xmax>907.74884</xmax>
            <ymax>477.56863</ymax>
        </bndbox>
    </object>    <object>
        <name>car</name>
        <pose>Unspecified</pose>
        <truncated>0</truncated>
        <difficult>0</difficult>
        <bndbox>
            <xmin>709.1668</xmin>
            <ymin>520.4613</ymin>
            <xmax>797.206</xmax>
            <ymax>583.6432</ymax>
        </bndbox>
    </object>    <object>
        <name>car</name>
        <pose>Unspecified</pose>
        <truncated>0</truncated>
        <difficult>0</difficult>
        <bndbox>
            <xmin>637.3422</xmin>
            <ymin>466.97815</ymin>
            <xmax>712.3283</xmax>
            <ymax>522.6262</ymax>
        </bndbox>
    </object>    <object>
        <name>car</name>
        <pose>Unspecified</pose>
        <truncated>0</truncated>
        <difficult>0</difficult>
        <bndbox>
            <xmin>931.76556</xmin>
            <ymin>638.4188</ymin>
            <xmax>1042.2297</xmax>
            <ymax>722.12</ymax>
        </bndbox>
    </object>    <object>
        <name>car</name>
        <pose>Unspecified</pose>
        <truncated>0</truncated>
        <difficult>0</difficult>
        <bndbox>
            <xmin>933.8098</xmin>
            <ymin>804.5276</ymin>
            <xmax>1061.4697</xmax>
            <ymax>907.7252</ymax>
        </bndbox>
    </object>    <object>
        <name>car</name>
        <pose>Unspecified</pose>
        <truncated>0</truncated>
        <difficult>0</difficult>
        <bndbox>
            <xmin>887.7097</xmin>
            <ymin>361.01685</ymin>
            <xmax>943.9575</xmax>
            <ymax>407.2494</ymax>
        </bndbox>
    </object>    <object>
        <name>car</name>
        <pose>Unspecified</pose>
        <truncated>0</truncated>
        <difficult>0</difficult>
        <bndbox>
            <xmin>1213.4211</xmin>
            <ymin>401.65823</ymin>
            <xmax>1274.6797</xmax>
            <ymax>463.21738</ymax>
        </bndbox>
    </object>    <object>
        <name>car</name>
        <pose>Unspecified</pose>
        <truncated>0</truncated>
        <difficult>0</difficult>
        <bndbox>
            <xmin>1275.2118</xmin>
            <ymin>320.8544</ymin>
            <xmax>1302.5402</xmax>
            <ymax>348.4324</ymax>
        </bndbox>
    </object>    <object>
        <name>car</name>
        <pose>Unspecified</pose>
        <truncated>0</truncated>
        <difficult>0</difficult>
        <bndbox>
            <xmin>1062.5266</xmin>
            <ymin>184.38615</ymin>
            <xmax>1078.8069</xmax>
            <ymax>196.76222</ymax>
        </bndbox>
    </object>
</annotation>
