<annotation>
    <folder>JPEGImages</folder>
    <filename>2019-12-31_08_50_01_camera_145.jpg</filename>
    <path>/content/gdrive/My Drive/Colab Notebooks/traffic_density_dnn/automl/efficientdet/data/ohgo_cam_test/cam_145/JPEGImages/2019-12-31_08_50_01_camera_145.jpg</path>
    <source>
        <database>Unknown</database>
    </source>
    <size>
        <width>1920</width>
        <height>1080</height>
        <depth>3</depth>
    </size>
    <segmented>0</segmented>
    <object>
        <name>car</name>
        <pose>Unspecified</pose>
        <truncated>0</truncated>
        <difficult>0</difficult>
        <bndbox>
            <xmin>385.975</xmin>
            <ymin>678.3558</ymin>
            <xmax>533.1437</xmax>
            <ymax>765.8426</ymax>
        </bndbox>
    </object>    <object>
        <name>car</name>
        <pose>Unspecified</pose>
        <truncated>0</truncated>
        <difficult>0</difficult>
        <bndbox>
            <xmin>644.50275</xmin>
            <ymin>866.27356</ymin>
            <xmax>807.97186</xmax>
            <ymax>985.06226</ymax>
        </bndbox>
    </object>    <object>
        <name>car</name>
        <pose>Unspecified</pose>
        <truncated>0</truncated>
        <difficult>0</difficult>
        <bndbox>
            <xmin>935.91736</xmin>
            <ymin>771.12305</ymin>
            <xmax>1070.5458</xmax>
            <ymax>881.3251</ymax>
        </bndbox>
    </object>    <object>
        <name>car</name>
        <pose>Unspecified</pose>
        <truncated>0</truncated>
        <difficult>0</difficult>
        <bndbox>
            <xmin>308.96985</xmin>
            <ymin>548.9034</ymin>
            <xmax>429.22888</xmax>
            <ymax>626.6031</ymax>
        </bndbox>
    </object>    <object>
        <name>car</name>
        <pose>Unspecified</pose>
        <truncated>0</truncated>
        <difficult>0</difficult>
        <bndbox>
            <xmin>790.81824</xmin>
            <ymin>432.39062</ymin>
            <xmax>848.00977</xmax>
            <ymax>474.1092</ymax>
        </bndbox>
    </object>    <object>
        <name>car</name>
        <pose>Unspecified</pose>
        <truncated>0</truncated>
        <difficult>0</difficult>
        <bndbox>
            <xmin>1016.536</xmin>
            <ymin>191.25839</ymin>
            <xmax>1047.1725</xmax>
            <ymax>235.66302</ymax>
        </bndbox>
    </object>
</annotation>
