<annotation>
    <folder>JPEGImages</folder>
    <filename>2019-12-28_08_40_01_camera_145.jpg</filename>
    <path>/content/gdrive/My Drive/Colab Notebooks/traffic_density_dnn/automl/efficientdet/data/ohgo_cam_test/cam_145/JPEGImages/2019-12-28_08_40_01_camera_145.jpg</path>
    <source>
        <database>Unknown</database>
    </source>
    <size>
        <width>1920</width>
        <height>1080</height>
        <depth>3</depth>
    </size>
    <segmented>0</segmented>
    <object>
        <name>car</name>
        <pose>Unspecified</pose>
        <truncated>0</truncated>
        <difficult>0</difficult>
        <bndbox>
            <xmin>294.88406</xmin>
            <ymin>728.8377</ymin>
            <xmax>442.7714</xmax>
            <ymax>825.28864</ymax>
        </bndbox>
    </object>    <object>
        <name>car</name>
        <pose>Unspecified</pose>
        <truncated>0</truncated>
        <difficult>0</difficult>
        <bndbox>
            <xmin>15.612045</xmin>
            <ymin>738.87134</ymin>
            <xmax>163.10655</xmax>
            <ymax>827.10535</ymax>
        </bndbox>
    </object>    <object>
        <name>car</name>
        <pose>Unspecified</pose>
        <truncated>0</truncated>
        <difficult>0</difficult>
        <bndbox>
            <xmin>789.89923</xmin>
            <ymin>355.69217</ymin>
            <xmax>831.41754</xmax>
            <ymax>386.2571</ymax>
        </bndbox>
    </object>    <object>
        <name>car</name>
        <pose>Unspecified</pose>
        <truncated>0</truncated>
        <difficult>0</difficult>
        <bndbox>
            <xmin>1095.1904</xmin>
            <ymin>592.4502</ymin>
            <xmax>1162.7317</xmax>
            <ymax>652.6251</ymax>
        </bndbox>
    </object>    <object>
        <name>car</name>
        <pose>Unspecified</pose>
        <truncated>0</truncated>
        <difficult>0</difficult>
        <bndbox>
            <xmin>1209.0219</xmin>
            <ymin>483.89087</ymin>
            <xmax>1265.6613</xmax>
            <ymax>534.947</ymax>
        </bndbox>
    </object>    <object>
        <name>car</name>
        <pose>Unspecified</pose>
        <truncated>0</truncated>
        <difficult>0</difficult>
        <bndbox>
            <xmin>1019.369</xmin>
            <ymin>312.0078</ymin>
            <xmax>1051.2626</xmax>
            <ymax>337.2885</ymax>
        </bndbox>
    </object>    <object>
        <name>car</name>
        <pose>Unspecified</pose>
        <truncated>0</truncated>
        <difficult>0</difficult>
        <bndbox>
            <xmin>207.31445</xmin>
            <ymin>721.5431</ymin>
            <xmax>414.4076</xmax>
            <ymax>819.0731</ymax>
        </bndbox>
    </object>    <object>
        <name>car</name>
        <pose>Unspecified</pose>
        <truncated>0</truncated>
        <difficult>0</difficult>
        <bndbox>
            <xmin>181.02531</xmin>
            <ymin>714.44806</ymin>
            <xmax>339.80646</xmax>
            <ymax>807.4272</ymax>
        </bndbox>
    </object>    <object>
        <name>car</name>
        <pose>Unspecified</pose>
        <truncated>0</truncated>
        <difficult>0</difficult>
        <bndbox>
            <xmin>1140.0492</xmin>
            <ymin>445.8246</ymin>
            <xmax>1191.1061</xmax>
            <ymax>487.1571</ymax>
        </bndbox>
    </object>    <object>
        <name>car</name>
        <pose>Unspecified</pose>
        <truncated>0</truncated>
        <difficult>0</difficult>
        <bndbox>
            <xmin>687.0848</xmin>
            <ymin>401.5246</ymin>
            <xmax>751.6917</xmax>
            <ymax>446.35968</ymax>
        </bndbox>
    </object>    <object>
        <name>car</name>
        <pose>Unspecified</pose>
        <truncated>0</truncated>
        <difficult>0</difficult>
        <bndbox>
            <xmin>1061.825</xmin>
            <ymin>191.05823</ymin>
            <xmax>1078.0928</xmax>
            <ymax>204.25949</ymax>
        </bndbox>
    </object>    <object>
        <name>car</name>
        <pose>Unspecified</pose>
        <truncated>0</truncated>
        <difficult>0</difficult>
        <bndbox>
            <xmin>1031.1198</xmin>
            <ymin>199.21098</ymin>
            <xmax>1047.3558</xmax>
            <ymax>212.25954</ymax>
        </bndbox>
    </object>
</annotation>
