<annotation>
    <folder>JPEGImages</folder>
    <filename>2019-12-28_15_50_01_camera_145.jpg</filename>
    <path>/content/gdrive/My Drive/Colab Notebooks/traffic_density_dnn/automl/efficientdet/data/ohgo_cam_test/cam_145/JPEGImages/2019-12-28_15_50_01_camera_145.jpg</path>
    <source>
        <database>Unknown</database>
    </source>
    <size>
        <width>1920</width>
        <height>1080</height>
        <depth>3</depth>
    </size>
    <segmented>0</segmented>
    <object>
        <name>car</name>
        <pose>Unspecified</pose>
        <truncated>0</truncated>
        <difficult>0</difficult>
        <bndbox>
            <xmin>563.0834</xmin>
            <ymin>594.3332</ymin>
            <xmax>665.4242</xmax>
            <ymax>663.26324</ymax>
        </bndbox>
    </object>    <object>
        <name>car</name>
        <pose>Unspecified</pose>
        <truncated>0</truncated>
        <difficult>0</difficult>
        <bndbox>
            <xmin>605.315</xmin>
            <ymin>491.94135</ymin>
            <xmax>682.1475</xmax>
            <ymax>543.39886</ymax>
        </bndbox>
    </object>    <object>
        <name>car</name>
        <pose>Unspecified</pose>
        <truncated>0</truncated>
        <difficult>0</difficult>
        <bndbox>
            <xmin>1352.012</xmin>
            <ymin>571.7106</ymin>
            <xmax>1423.6104</xmax>
            <ymax>637.1669</ymax>
        </bndbox>
    </object>    <object>
        <name>car</name>
        <pose>Unspecified</pose>
        <truncated>0</truncated>
        <difficult>0</difficult>
        <bndbox>
            <xmin>1238.6207</xmin>
            <ymin>443.93658</ymin>
            <xmax>1285.7015</xmax>
            <ymax>487.81616</ymax>
        </bndbox>
    </object>    <object>
        <name>car</name>
        <pose>Unspecified</pose>
        <truncated>0</truncated>
        <difficult>0</difficult>
        <bndbox>
            <xmin>1188.7172</xmin>
            <ymin>401.93472</ymin>
            <xmax>1228.3768</xmax>
            <ymax>434.09354</ymax>
        </bndbox>
    </object>    <object>
        <name>car</name>
        <pose>Unspecified</pose>
        <truncated>0</truncated>
        <difficult>0</difficult>
        <bndbox>
            <xmin>1022.45654</xmin>
            <ymin>237.06241</ymin>
            <xmax>1047.9026</xmax>
            <ymax>270.5217</ymax>
        </bndbox>
    </object>    <object>
        <name>car</name>
        <pose>Unspecified</pose>
        <truncated>0</truncated>
        <difficult>0</difficult>
        <bndbox>
            <xmin>1318.6799</xmin>
            <ymin>290.66943</ymin>
            <xmax>1346.4604</xmax>
            <ymax>315.27435</ymax>
        </bndbox>
    </object>    <object>
        <name>car</name>
        <pose>Unspecified</pose>
        <truncated>0</truncated>
        <difficult>0</difficult>
        <bndbox>
            <xmin>850.1051</xmin>
            <ymin>363.99136</ymin>
            <xmax>893.73474</xmax>
            <ymax>393.96457</ymax>
        </bndbox>
    </object>    <object>
        <name>car</name>
        <pose>Unspecified</pose>
        <truncated>0</truncated>
        <difficult>0</difficult>
        <bndbox>
            <xmin>247.04631</xmin>
            <ymin>640.90393</ymin>
            <xmax>378.72107</xmax>
            <ymax>721.67065</ymax>
        </bndbox>
    </object>
</annotation>
