<annotation>
    <folder>JPEGImages</folder>
    <filename>2019-12-31_13_50_01_camera_145.jpg</filename>
    <path>/content/gdrive/My Drive/Colab Notebooks/traffic_density_dnn/automl/efficientdet/data/ohgo_cam_test/cam_145/JPEGImages/2019-12-31_13_50_01_camera_145.jpg</path>
    <source>
        <database>Unknown</database>
    </source>
    <size>
        <width>1920</width>
        <height>1080</height>
        <depth>3</depth>
    </size>
    <segmented>0</segmented>
    <object>
        <name>car</name>
        <pose>Unspecified</pose>
        <truncated>0</truncated>
        <difficult>0</difficult>
        <bndbox>
            <xmin>771.45764</xmin>
            <ymin>917.8541</ymin>
            <xmax>940.173</xmax>
            <ymax>1050.8385</ymax>
        </bndbox>
    </object>    <object>
        <name>car</name>
        <pose>Unspecified</pose>
        <truncated>0</truncated>
        <difficult>0</difficult>
        <bndbox>
            <xmin>1149.2988</xmin>
            <ymin>576.8475</ymin>
            <xmax>1221.9473</xmax>
            <ymax>637.4798</ymax>
        </bndbox>
    </object>    <object>
        <name>car</name>
        <pose>Unspecified</pose>
        <truncated>0</truncated>
        <difficult>0</difficult>
        <bndbox>
            <xmin>902.5318</xmin>
            <ymin>142.51576</ymin>
            <xmax>927.1435</xmax>
            <ymax>176.01189</ymax>
        </bndbox>
    </object>    <object>
        <name>car</name>
        <pose>Unspecified</pose>
        <truncated>0</truncated>
        <difficult>0</difficult>
        <bndbox>
            <xmin>1125.9896</xmin>
            <ymin>483.1789</ymin>
            <xmax>1180.2643</xmax>
            <ymax>530.31635</ymax>
        </bndbox>
    </object>    <object>
        <name>car</name>
        <pose>Unspecified</pose>
        <truncated>0</truncated>
        <difficult>0</difficult>
        <bndbox>
            <xmin>1201.134</xmin>
            <ymin>374.20456</ymin>
            <xmax>1234.4187</xmax>
            <ymax>406.30746</ymax>
        </bndbox>
    </object>    <object>
        <name>car</name>
        <pose>Unspecified</pose>
        <truncated>0</truncated>
        <difficult>0</difficult>
        <bndbox>
            <xmin>965.0794</xmin>
            <ymin>327.56683</ymin>
            <xmax>998.1617</xmax>
            <ymax>351.6289</ymax>
        </bndbox>
    </object>    <object>
        <name>car</name>
        <pose>Unspecified</pose>
        <truncated>0</truncated>
        <difficult>0</difficult>
        <bndbox>
            <xmin>956.5444</xmin>
            <ymin>290.83075</ymin>
            <xmax>984.0306</xmax>
            <ymax>311.82538</ymax>
        </bndbox>
    </object>    <object>
        <name>car</name>
        <pose>Unspecified</pose>
        <truncated>0</truncated>
        <difficult>0</difficult>
        <bndbox>
            <xmin>1212.5704</xmin>
            <ymin>181.70844</ymin>
            <xmax>1229.5975</xmax>
            <ymax>194.39612</ymax>
        </bndbox>
    </object>
</annotation>
