<annotation>
    <folder>JPEGImages</folder>
    <filename>2019-12-31_13_20_01_camera_145.jpg</filename>
    <path>/content/gdrive/My Drive/Colab Notebooks/traffic_density_dnn/automl/efficientdet/data/ohgo_cam_test/cam_145/JPEGImages/2019-12-31_13_20_01_camera_145.jpg</path>
    <source>
        <database>Unknown</database>
    </source>
    <size>
        <width>1920</width>
        <height>1080</height>
        <depth>3</depth>
    </size>
    <segmented>0</segmented>
    <object>
        <name>car</name>
        <pose>Unspecified</pose>
        <truncated>0</truncated>
        <difficult>0</difficult>
        <bndbox>
            <xmin>1335.1857</xmin>
            <ymin>350.1214</ymin>
            <xmax>1365.8043</xmax>
            <ymax>386.92096</ymax>
        </bndbox>
    </object>    <object>
        <name>car</name>
        <pose>Unspecified</pose>
        <truncated>0</truncated>
        <difficult>0</difficult>
        <bndbox>
            <xmin>1239.8037</xmin>
            <ymin>408.28204</ymin>
            <xmax>1286.9895</xmax>
            <ymax>458.01825</ymax>
        </bndbox>
    </object>    <object>
        <name>car</name>
        <pose>Unspecified</pose>
        <truncated>0</truncated>
        <difficult>0</difficult>
        <bndbox>
            <xmin>1277.338</xmin>
            <ymin>318.424</ymin>
            <xmax>1308.6063</xmax>
            <ymax>352.43292</ymax>
        </bndbox>
    </object>    <object>
        <name>car</name>
        <pose>Unspecified</pose>
        <truncated>0</truncated>
        <difficult>0</difficult>
        <bndbox>
            <xmin>18.44291</xmin>
            <ymin>782.1326</ymin>
            <xmax>203.5759</xmax>
            <ymax>887.7039</ymax>
        </bndbox>
    </object>    <object>
        <name>car</name>
        <pose>Unspecified</pose>
        <truncated>0</truncated>
        <difficult>0</difficult>
        <bndbox>
            <xmin>912.93164</xmin>
            <ymin>664.2059</ymin>
            <xmax>1021.14905</xmax>
            <ymax>740.1081</ymax>
        </bndbox>
    </object>    <object>
        <name>car</name>
        <pose>Unspecified</pose>
        <truncated>0</truncated>
        <difficult>0</difficult>
        <bndbox>
            <xmin>979.2188</xmin>
            <ymin>748.0958</ymin>
            <xmax>1089.434</xmax>
            <ymax>837.464</ymax>
        </bndbox>
    </object>    <object>
        <name>car</name>
        <pose>Unspecified</pose>
        <truncated>0</truncated>
        <difficult>0</difficult>
        <bndbox>
            <xmin>1132.2297</xmin>
            <ymin>446.68542</ymin>
            <xmax>1182.6372</xmax>
            <ymax>487.26837</ymax>
        </bndbox>
    </object>    <object>
        <name>car</name>
        <pose>Unspecified</pose>
        <truncated>0</truncated>
        <difficult>0</difficult>
        <bndbox>
            <xmin>948.8411</xmin>
            <ymin>244.74127</ymin>
            <xmax>1016.1873</xmax>
            <ymax>324.0393</ymax>
        </bndbox>
    </object>
</annotation>
