<annotation>
    <folder>JPEGImages</folder>
    <filename>2019-12-31_12_20_01_camera_145.jpg</filename>
    <path>/content/gdrive/My Drive/Colab Notebooks/traffic_density_dnn/automl/efficientdet/data/ohgo_cam_test/cam_145/JPEGImages/2019-12-31_12_20_01_camera_145.jpg</path>
    <source>
        <database>Unknown</database>
    </source>
    <size>
        <width>1920</width>
        <height>1080</height>
        <depth>3</depth>
    </size>
    <segmented>0</segmented>
    <object>
        <name>car</name>
        <pose>Unspecified</pose>
        <truncated>0</truncated>
        <difficult>0</difficult>
        <bndbox>
            <xmin>1235.6631</xmin>
            <ymin>572.58606</ymin>
            <xmax>1418.6719</xmax>
            <ymax>875.41064</ymax>
        </bndbox>
    </object>    <object>
        <name>car</name>
        <pose>Unspecified</pose>
        <truncated>0</truncated>
        <difficult>0</difficult>
        <bndbox>
            <xmin>1107.4114</xmin>
            <ymin>606.8182</ymin>
            <xmax>1190.8313</xmax>
            <ymax>671.8387</ymax>
        </bndbox>
    </object>    <object>
        <name>car</name>
        <pose>Unspecified</pose>
        <truncated>0</truncated>
        <difficult>0</difficult>
        <bndbox>
            <xmin>1263.2809</xmin>
            <ymin>251.8307</ymin>
            <xmax>1286.2699</xmax>
            <ymax>268.9321</ymax>
        </bndbox>
    </object>    <object>
        <name>car</name>
        <pose>Unspecified</pose>
        <truncated>0</truncated>
        <difficult>0</difficult>
        <bndbox>
            <xmin>1161.165</xmin>
            <ymin>430.42667</ymin>
            <xmax>1208.9753</xmax>
            <ymax>473.15915</ymax>
        </bndbox>
    </object>    <object>
        <name>car</name>
        <pose>Unspecified</pose>
        <truncated>0</truncated>
        <difficult>0</difficult>
        <bndbox>
            <xmin>1263.6316</xmin>
            <ymin>361.12305</ymin>
            <xmax>1297.7449</xmax>
            <ymax>392.28162</ymax>
        </bndbox>
    </object>    <object>
        <name>car</name>
        <pose>Unspecified</pose>
        <truncated>0</truncated>
        <difficult>0</difficult>
        <bndbox>
            <xmin>1033.0579</xmin>
            <ymin>302.76215</ymin>
            <xmax>1062.2483</xmax>
            <ymax>327.98486</ymax>
        </bndbox>
    </object>    <object>
        <name>car</name>
        <pose>Unspecified</pose>
        <truncated>0</truncated>
        <difficult>0</difficult>
        <bndbox>
            <xmin>1275.7577</xmin>
            <ymin>297.96704</ymin>
            <xmax>1302.3834</xmax>
            <ymax>323.68683</ymax>
        </bndbox>
    </object>    <object>
        <name>car</name>
        <pose>Unspecified</pose>
        <truncated>0</truncated>
        <difficult>0</difficult>
        <bndbox>
            <xmin>1223.6174</xmin>
            <ymin>265.33768</ymin>
            <xmax>1247.623</xmax>
            <ymax>290.33652</ymax>
        </bndbox>
    </object>    <object>
        <name>car</name>
        <pose>Unspecified</pose>
        <truncated>0</truncated>
        <difficult>0</difficult>
        <bndbox>
            <xmin>251.79007</xmin>
            <ymin>618.81445</ymin>
            <xmax>400.5756</xmax>
            <ymax>713.02454</ymax>
        </bndbox>
    </object>    <object>
        <name>car</name>
        <pose>Unspecified</pose>
        <truncated>0</truncated>
        <difficult>0</difficult>
        <bndbox>
            <xmin>1198.548</xmin>
            <ymin>165.74501</ymin>
            <xmax>1214.326</xmax>
            <ymax>178.9019</ymax>
        </bndbox>
    </object>
</annotation>
