<annotation>
    <folder>JPEGImages</folder>
    <filename>2019-12-31_12_00_02_camera_145.jpg</filename>
    <path>/content/gdrive/My Drive/Colab Notebooks/traffic_density_dnn/automl/efficientdet/data/ohgo_cam_test/cam_145/JPEGImages/2019-12-31_12_00_02_camera_145.jpg</path>
    <source>
        <database>Unknown</database>
    </source>
    <size>
        <width>1920</width>
        <height>1080</height>
        <depth>3</depth>
    </size>
    <segmented>0</segmented>
    <object>
        <name>car</name>
        <pose>Unspecified</pose>
        <truncated>0</truncated>
        <difficult>0</difficult>
        <bndbox>
            <xmin>1328.2269</xmin>
            <ymin>645.0857</ymin>
            <xmax>1431.8593</xmax>
            <ymax>772.7892</ymax>
        </bndbox>
    </object>    <object>
        <name>car</name>
        <pose>Unspecified</pose>
        <truncated>0</truncated>
        <difficult>0</difficult>
        <bndbox>
            <xmin>1261.8633</xmin>
            <ymin>380.1409</ymin>
            <xmax>1307.9861</xmax>
            <ymax>432.72226</ymax>
        </bndbox>
    </object>    <object>
        <name>car</name>
        <pose>Unspecified</pose>
        <truncated>0</truncated>
        <difficult>0</difficult>
        <bndbox>
            <xmin>674.65155</xmin>
            <ymin>853.6929</ymin>
            <xmax>824.6568</xmax>
            <ymax>958.55237</ymax>
        </bndbox>
    </object>    <object>
        <name>car</name>
        <pose>Unspecified</pose>
        <truncated>0</truncated>
        <difficult>0</difficult>
        <bndbox>
            <xmin>1055.7504</xmin>
            <ymin>544.76337</ymin>
            <xmax>1128.0475</xmax>
            <ymax>601.7713</ymax>
        </bndbox>
    </object>    <object>
        <name>car</name>
        <pose>Unspecified</pose>
        <truncated>0</truncated>
        <difficult>0</difficult>
        <bndbox>
            <xmin>1401.3875</xmin>
            <ymin>514.48315</ymin>
            <xmax>1453.3643</xmax>
            <ymax>576.9177</ymax>
        </bndbox>
    </object>    <object>
        <name>car</name>
        <pose>Unspecified</pose>
        <truncated>0</truncated>
        <difficult>0</difficult>
        <bndbox>
            <xmin>1220.8975</xmin>
            <ymin>307.4505</ymin>
            <xmax>1248.627</xmax>
            <ymax>334.33093</ymax>
        </bndbox>
    </object>    <object>
        <name>car</name>
        <pose>Unspecified</pose>
        <truncated>0</truncated>
        <difficult>0</difficult>
        <bndbox>
            <xmin>956.8465</xmin>
            <ymin>777.098</ymin>
            <xmax>1076.0194</xmax>
            <ymax>874.21094</ymax>
        </bndbox>
    </object>    <object>
        <name>car</name>
        <pose>Unspecified</pose>
        <truncated>0</truncated>
        <difficult>0</difficult>
        <bndbox>
            <xmin>806.0425</xmin>
            <ymin>372.44922</ymin>
            <xmax>857.9341</xmax>
            <ymax>416.97546</ymax>
        </bndbox>
    </object>    <object>
        <name>car</name>
        <pose>Unspecified</pose>
        <truncated>0</truncated>
        <difficult>0</difficult>
        <bndbox>
            <xmin>1312.1572</xmin>
            <ymin>256.0783</ymin>
            <xmax>1339.2847</xmax>
            <ymax>283.6405</ymax>
        </bndbox>
    </object>    <object>
        <name>car</name>
        <pose>Unspecified</pose>
        <truncated>0</truncated>
        <difficult>0</difficult>
        <bndbox>
            <xmin>523.8379</xmin>
            <ymin>529.1629</ymin>
            <xmax>639.38245</xmax>
            <ymax>625.31683</ymax>
        </bndbox>
    </object>    <object>
        <name>car</name>
        <pose>Unspecified</pose>
        <truncated>0</truncated>
        <difficult>0</difficult>
        <bndbox>
            <xmin>1203.6102</xmin>
            <ymin>200.05449</ymin>
            <xmax>1221.371</xmax>
            <ymax>212.9564</ymax>
        </bndbox>
    </object>
</annotation>
