<annotation>
    <folder>JPEGImages</folder>
    <filename>2019-12-29_11_35_01_camera_145.jpg</filename>
    <path>/content/gdrive/My Drive/Colab Notebooks/traffic_density_dnn/automl/efficientdet/data/ohgo_cam_test/cam_145/JPEGImages/2019-12-29_11_35_01_camera_145.jpg</path>
    <source>
        <database>Unknown</database>
    </source>
    <size>
        <width>1920</width>
        <height>1080</height>
        <depth>3</depth>
    </size>
    <segmented>0</segmented>
    <object>
        <name>car</name>
        <pose>Unspecified</pose>
        <truncated>0</truncated>
        <difficult>0</difficult>
        <bndbox>
            <xmin>579.53314</xmin>
            <ymin>582.17444</ymin>
            <xmax>682.8851</xmax>
            <ymax>649.8806</ymax>
        </bndbox>
    </object>    <object>
        <name>car</name>
        <pose>Unspecified</pose>
        <truncated>0</truncated>
        <difficult>0</difficult>
        <bndbox>
            <xmin>0.0</xmin>
            <ymin>841.11145</ymin>
            <xmax>61.12914</xmax>
            <ymax>958.3865</ymax>
        </bndbox>
    </object>    <object>
        <name>car</name>
        <pose>Unspecified</pose>
        <truncated>0</truncated>
        <difficult>0</difficult>
        <bndbox>
            <xmin>1017.55005</xmin>
            <ymin>919.532</ymin>
            <xmax>1172.9692</xmax>
            <ymax>1075.443</ymax>
        </bndbox>
    </object>    <object>
        <name>car</name>
        <pose>Unspecified</pose>
        <truncated>0</truncated>
        <difficult>0</difficult>
        <bndbox>
            <xmin>781.44006</xmin>
            <ymin>400.81973</ymin>
            <xmax>831.4884</xmax>
            <ymax>442.73148</ymax>
        </bndbox>
    </object>    <object>
        <name>car</name>
        <pose>Unspecified</pose>
        <truncated>0</truncated>
        <difficult>0</difficult>
        <bndbox>
            <xmin>1411.601</xmin>
            <ymin>291.8347</ymin>
            <xmax>1441.2006</xmax>
            <ymax>326.02768</ymax>
        </bndbox>
    </object>    <object>
        <name>car</name>
        <pose>Unspecified</pose>
        <truncated>0</truncated>
        <difficult>0</difficult>
        <bndbox>
            <xmin>1302.5323</xmin>
            <ymin>245.08234</ymin>
            <xmax>1327.3268</xmax>
            <ymax>268.68268</ymax>
        </bndbox>
    </object>    <object>
        <name>car</name>
        <pose>Unspecified</pose>
        <truncated>0</truncated>
        <difficult>0</difficult>
        <bndbox>
            <xmin>903.6846</xmin>
            <ymin>334.966</ymin>
            <xmax>941.1017</xmax>
            <ymax>367.35504</ymax>
        </bndbox>
    </object>
</annotation>
