<annotation>
    <folder>JPEGImages</folder>
    <filename>2019-12-31_09_40_02_camera_145.jpg</filename>
    <path>/content/gdrive/My Drive/Colab Notebooks/traffic_density_dnn/automl/efficientdet/data/ohgo_cam_test/cam_145/JPEGImages/2019-12-31_09_40_02_camera_145.jpg</path>
    <source>
        <database>Unknown</database>
    </source>
    <size>
        <width>1920</width>
        <height>1080</height>
        <depth>3</depth>
    </size>
    <segmented>0</segmented>
    <object>
        <name>car</name>
        <pose>Unspecified</pose>
        <truncated>0</truncated>
        <difficult>0</difficult>
        <bndbox>
            <xmin>1277.6274</xmin>
            <ymin>356.4219</ymin>
            <xmax>1309.7229</xmax>
            <ymax>387.73795</ymax>
        </bndbox>
    </object>    <object>
        <name>car</name>
        <pose>Unspecified</pose>
        <truncated>0</truncated>
        <difficult>0</difficult>
        <bndbox>
            <xmin>1195.7296</xmin>
            <ymin>496.4934</ymin>
            <xmax>1251.5692</xmax>
            <ymax>542.48425</ymax>
        </bndbox>
    </object>    <object>
        <name>car</name>
        <pose>Unspecified</pose>
        <truncated>0</truncated>
        <difficult>0</difficult>
        <bndbox>
            <xmin>1187.4839</xmin>
            <ymin>397.70383</ymin>
            <xmax>1229.718</xmax>
            <ymax>433.9388</ymax>
        </bndbox>
    </object>    <object>
        <name>car</name>
        <pose>Unspecified</pose>
        <truncated>0</truncated>
        <difficult>0</difficult>
        <bndbox>
            <xmin>839.2718</xmin>
            <ymin>362.62833</ymin>
            <xmax>886.066</xmax>
            <ymax>400.28696</ymax>
        </bndbox>
    </object>    <object>
        <name>car</name>
        <pose>Unspecified</pose>
        <truncated>0</truncated>
        <difficult>0</difficult>
        <bndbox>
            <xmin>672.0959</xmin>
            <ymin>831.99835</ymin>
            <xmax>848.47174</xmax>
            <ymax>954.8283</ymax>
        </bndbox>
    </object>    <object>
        <name>car</name>
        <pose>Unspecified</pose>
        <truncated>0</truncated>
        <difficult>0</difficult>
        <bndbox>
            <xmin>695.6831</xmin>
            <ymin>476.90417</ymin>
            <xmax>770.33545</xmax>
            <ymax>534.2491</ymax>
        </bndbox>
    </object>    <object>
        <name>car</name>
        <pose>Unspecified</pose>
        <truncated>0</truncated>
        <difficult>0</difficult>
        <bndbox>
            <xmin>860.87866</xmin>
            <ymin>311.4559</ymin>
            <xmax>892.33057</xmax>
            <ymax>334.60654</ymax>
        </bndbox>
    </object>
</annotation>
