<annotation>
    <folder>JPEGImages</folder>
    <filename>2019-12-28_16_10_01_camera_145.jpg</filename>
    <path>/content/gdrive/My Drive/Colab Notebooks/traffic_density_dnn/automl/efficientdet/data/ohgo_cam_test/cam_145/JPEGImages/2019-12-28_16_10_01_camera_145.jpg</path>
    <source>
        <database>Unknown</database>
    </source>
    <size>
        <width>1920</width>
        <height>1080</height>
        <depth>3</depth>
    </size>
    <segmented>0</segmented>
    <object>
        <name>car</name>
        <pose>Unspecified</pose>
        <truncated>0</truncated>
        <difficult>0</difficult>
        <bndbox>
            <xmin>1011.2145</xmin>
            <ymin>320.13617</ymin>
            <xmax>1046.2291</xmax>
            <ymax>348.13434</ymax>
        </bndbox>
    </object>    <object>
        <name>car</name>
        <pose>Unspecified</pose>
        <truncated>0</truncated>
        <difficult>0</difficult>
        <bndbox>
            <xmin>1016.9891</xmin>
            <ymin>270.53058</ymin>
            <xmax>1051.3151</xmax>
            <ymax>300.6311</ymax>
        </bndbox>
    </object>    <object>
        <name>car</name>
        <pose>Unspecified</pose>
        <truncated>0</truncated>
        <difficult>0</difficult>
        <bndbox>
            <xmin>1194.0969</xmin>
            <ymin>415.43222</ymin>
            <xmax>1303.2261</xmax>
            <ymax>543.64014</ymax>
        </bndbox>
    </object>    <object>
        <name>car</name>
        <pose>Unspecified</pose>
        <truncated>0</truncated>
        <difficult>0</difficult>
        <bndbox>
            <xmin>529.9838</xmin>
            <ymin>539.2932</ymin>
            <xmax>655.8454</xmax>
            <ymax>629.0636</ymax>
        </bndbox>
    </object>    <object>
        <name>car</name>
        <pose>Unspecified</pose>
        <truncated>0</truncated>
        <difficult>0</difficult>
        <bndbox>
            <xmin>1181.908</xmin>
            <ymin>396.98645</ymin>
            <xmax>1221.6389</xmax>
            <ymax>428.50525</ymax>
        </bndbox>
    </object>    <object>
        <name>car</name>
        <pose>Unspecified</pose>
        <truncated>0</truncated>
        <difficult>0</difficult>
        <bndbox>
            <xmin>1292.2499</xmin>
            <ymin>510.16205</ymin>
            <xmax>1367.7745</xmax>
            <ymax>587.4716</ymax>
        </bndbox>
    </object>    <object>
        <name>car</name>
        <pose>Unspecified</pose>
        <truncated>0</truncated>
        <difficult>0</difficult>
        <bndbox>
            <xmin>103.13965</xmin>
            <ymin>675.7797</ymin>
            <xmax>270.6398</xmax>
            <ymax>777.0662</ymax>
        </bndbox>
    </object>    <object>
        <name>car</name>
        <pose>Unspecified</pose>
        <truncated>0</truncated>
        <difficult>0</difficult>
        <bndbox>
            <xmin>939.96906</xmin>
            <ymin>380.18085</ymin>
            <xmax>991.4665</xmax>
            <ymax>417.53754</ymax>
        </bndbox>
    </object>    <object>
        <name>car</name>
        <pose>Unspecified</pose>
        <truncated>0</truncated>
        <difficult>0</difficult>
        <bndbox>
            <xmin>770.93317</xmin>
            <ymin>435.9506</ymin>
            <xmax>828.111</xmax>
            <ymax>480.8674</ymax>
        </bndbox>
    </object>    <object>
        <name>car</name>
        <pose>Unspecified</pose>
        <truncated>0</truncated>
        <difficult>0</difficult>
        <bndbox>
            <xmin>967.4807</xmin>
            <ymin>276.89905</ymin>
            <xmax>994.4857</xmax>
            <ymax>303.57697</ymax>
        </bndbox>
    </object>    <object>
        <name>car</name>
        <pose>Unspecified</pose>
        <truncated>0</truncated>
        <difficult>0</difficult>
        <bndbox>
            <xmin>1203.0966</xmin>
            <ymin>173.99875</ymin>
            <xmax>1222.1832</xmax>
            <ymax>188.81927</ymax>
        </bndbox>
    </object>    <object>
        <name>car</name>
        <pose>Unspecified</pose>
        <truncated>0</truncated>
        <difficult>0</difficult>
        <bndbox>
            <xmin>1053.6606</xmin>
            <ymin>180.29268</ymin>
            <xmax>1071.7891</xmax>
            <ymax>195.6526</ymax>
        </bndbox>
    </object>
</annotation>
