<annotation>
    <folder>JPEGImages</folder>
    <filename>2019-12-30_09_10_01_camera_145.jpg</filename>
    <path>/content/gdrive/My Drive/Colab Notebooks/traffic_density_dnn/automl/efficientdet/data/ohgo_cam_test/cam_145/JPEGImages/2019-12-30_09_10_01_camera_145.jpg</path>
    <source>
        <database>Unknown</database>
    </source>
    <size>
        <width>1920</width>
        <height>1080</height>
        <depth>3</depth>
    </size>
    <segmented>0</segmented>
    <object>
        <name>car</name>
        <pose>Unspecified</pose>
        <truncated>0</truncated>
        <difficult>0</difficult>
        <bndbox>
            <xmin>1333.7595</xmin>
            <ymin>374.83395</ymin>
            <xmax>1370.1057</xmax>
            <ymax>415.7158</ymax>
        </bndbox>
    </object>    <object>
        <name>car</name>
        <pose>Unspecified</pose>
        <truncated>0</truncated>
        <difficult>0</difficult>
        <bndbox>
            <xmin>551.9609</xmin>
            <ymin>497.11566</ymin>
            <xmax>654.9017</xmax>
            <ymax>562.60785</ymax>
        </bndbox>
    </object>    <object>
        <name>car</name>
        <pose>Unspecified</pose>
        <truncated>0</truncated>
        <difficult>0</difficult>
        <bndbox>
            <xmin>804.0197</xmin>
            <ymin>364.1607</ymin>
            <xmax>864.4605</xmax>
            <ymax>417.66492</ymax>
        </bndbox>
    </object>    <object>
        <name>car</name>
        <pose>Unspecified</pose>
        <truncated>0</truncated>
        <difficult>0</difficult>
        <bndbox>
            <xmin>492.3827</xmin>
            <ymin>617.8622</ymin>
            <xmax>619.6979</xmax>
            <ymax>707.4154</ymax>
        </bndbox>
    </object>    <object>
        <name>car</name>
        <pose>Unspecified</pose>
        <truncated>0</truncated>
        <difficult>0</difficult>
        <bndbox>
            <xmin>177.67035</xmin>
            <ymin>627.8729</ymin>
            <xmax>291.5096</xmax>
            <ymax>700.3844</ymax>
        </bndbox>
    </object>    <object>
        <name>car</name>
        <pose>Unspecified</pose>
        <truncated>0</truncated>
        <difficult>0</difficult>
        <bndbox>
            <xmin>582.1087</xmin>
            <ymin>543.6286</ymin>
            <xmax>674.5341</xmax>
            <ymax>600.7109</ymax>
        </bndbox>
    </object>    <object>
        <name>car</name>
        <pose>Unspecified</pose>
        <truncated>0</truncated>
        <difficult>0</difficult>
        <bndbox>
            <xmin>1400.7346</xmin>
            <ymin>257.45786</ymin>
            <xmax>1424.5779</xmax>
            <ymax>283.84085</ymax>
        </bndbox>
    </object>    <object>
        <name>car</name>
        <pose>Unspecified</pose>
        <truncated>0</truncated>
        <difficult>0</difficult>
        <bndbox>
            <xmin>1269.6149</xmin>
            <ymin>266.0443</ymin>
            <xmax>1294.2853</xmax>
            <ymax>287.65234</ymax>
        </bndbox>
    </object>    <object>
        <name>car</name>
        <pose>Unspecified</pose>
        <truncated>0</truncated>
        <difficult>0</difficult>
        <bndbox>
            <xmin>947.654</xmin>
            <ymin>312.06546</ymin>
            <xmax>1002.1154</xmax>
            <ymax>367.74258</ymax>
        </bndbox>
    </object>    <object>
        <name>car</name>
        <pose>Unspecified</pose>
        <truncated>0</truncated>
        <difficult>0</difficult>
        <bndbox>
            <xmin>1079.116</xmin>
            <ymin>174.83849</ymin>
            <xmax>1093.1775</xmax>
            <ymax>187.60973</ymax>
        </bndbox>
    </object>    <object>
        <name>car</name>
        <pose>Unspecified</pose>
        <truncated>0</truncated>
        <difficult>0</difficult>
        <bndbox>
            <xmin>1139.0361</xmin>
            <ymin>128.5491</ymin>
            <xmax>1150.3313</xmax>
            <ymax>137.43787</ymax>
        </bndbox>
    </object>
</annotation>
