<annotation>
    <folder>JPEGImages</folder>
    <filename>2019-12-28_12_55_01_camera_145.jpg</filename>
    <path>/content/gdrive/My Drive/Colab Notebooks/traffic_density_dnn/automl/efficientdet/data/ohgo_cam_test/cam_145/JPEGImages/2019-12-28_12_55_01_camera_145.jpg</path>
    <source>
        <database>Unknown</database>
    </source>
    <size>
        <width>1920</width>
        <height>1080</height>
        <depth>3</depth>
    </size>
    <segmented>0</segmented>
    <object>
        <name>car</name>
        <pose>Unspecified</pose>
        <truncated>0</truncated>
        <difficult>0</difficult>
        <bndbox>
            <xmin>808.5423</xmin>
            <ymin>464.8368</ymin>
            <xmax>874.1613</xmax>
            <ymax>515.96484</ymax>
        </bndbox>
    </object>    <object>
        <name>car</name>
        <pose>Unspecified</pose>
        <truncated>0</truncated>
        <difficult>0</difficult>
        <bndbox>
            <xmin>983.24176</xmin>
            <ymin>755.143</ymin>
            <xmax>1106.8318</xmax>
            <ymax>857.5079</ymax>
        </bndbox>
    </object>    <object>
        <name>car</name>
        <pose>Unspecified</pose>
        <truncated>0</truncated>
        <difficult>0</difficult>
        <bndbox>
            <xmin>973.1984</xmin>
            <ymin>612.3717</ymin>
            <xmax>1067.9838</xmax>
            <ymax>683.0725</ymax>
        </bndbox>
    </object>    <object>
        <name>car</name>
        <pose>Unspecified</pose>
        <truncated>0</truncated>
        <difficult>0</difficult>
        <bndbox>
            <xmin>737.1729</xmin>
            <ymin>459.33432</ymin>
            <xmax>807.2923</xmax>
            <ymax>507.24454</ymax>
        </bndbox>
    </object>    <object>
        <name>car</name>
        <pose>Unspecified</pose>
        <truncated>0</truncated>
        <difficult>0</difficult>
        <bndbox>
            <xmin>1043.3792</xmin>
            <ymin>292.63626</ymin>
            <xmax>1072.4773</xmax>
            <ymax>319.7957</ymax>
        </bndbox>
    </object>    <object>
        <name>car</name>
        <pose>Unspecified</pose>
        <truncated>0</truncated>
        <difficult>0</difficult>
        <bndbox>
            <xmin>0.0</xmin>
            <ymin>686.62634</ymin>
            <xmax>143.16284</xmax>
            <ymax>859.29333</ymax>
        </bndbox>
    </object>    <object>
        <name>car</name>
        <pose>Unspecified</pose>
        <truncated>0</truncated>
        <difficult>0</difficult>
        <bndbox>
            <xmin>957.75336</xmin>
            <ymin>328.90244</ymin>
            <xmax>996.435</xmax>
            <ymax>359.1207</ymax>
        </bndbox>
    </object>    <object>
        <name>car</name>
        <pose>Unspecified</pose>
        <truncated>0</truncated>
        <difficult>0</difficult>
        <bndbox>
            <xmin>1168.9832</xmin>
            <ymin>168.12047</ymin>
            <xmax>1182.5208</xmax>
            <ymax>179.20766</ymax>
        </bndbox>
    </object>    <object>
        <name>car</name>
        <pose>Unspecified</pose>
        <truncated>0</truncated>
        <difficult>0</difficult>
        <bndbox>
            <xmin>1010.9202</xmin>
            <ymin>274.22736</ymin>
            <xmax>1039.4115</xmax>
            <ymax>296.72864</ymax>
        </bndbox>
    </object>    <object>
        <name>car</name>
        <pose>Unspecified</pose>
        <truncated>0</truncated>
        <difficult>0</difficult>
        <bndbox>
            <xmin>911.2529</xmin>
            <ymin>160.40788</ymin>
            <xmax>925.5415</xmax>
            <ymax>171.96754</ymax>
        </bndbox>
    </object>
</annotation>
