<annotation>
    <folder>JPEGImages</folder>
    <filename>2019-12-28_15_45_01_camera_145.jpg</filename>
    <path>/content/gdrive/My Drive/Colab Notebooks/traffic_density_dnn/automl/efficientdet/data/ohgo_cam_test/cam_145/JPEGImages/2019-12-28_15_45_01_camera_145.jpg</path>
    <source>
        <database>Unknown</database>
    </source>
    <size>
        <width>1920</width>
        <height>1080</height>
        <depth>3</depth>
    </size>
    <segmented>0</segmented>
    <object>
        <name>car</name>
        <pose>Unspecified</pose>
        <truncated>0</truncated>
        <difficult>0</difficult>
        <bndbox>
            <xmin>1069.2262</xmin>
            <ymin>812.15247</ymin>
            <xmax>1197.1874</xmax>
            <ymax>925.36426</ymax>
        </bndbox>
    </object>    <object>
        <name>car</name>
        <pose>Unspecified</pose>
        <truncated>0</truncated>
        <difficult>0</difficult>
        <bndbox>
            <xmin>334.6851</xmin>
            <ymin>698.233</ymin>
            <xmax>477.14188</xmax>
            <ymax>792.98444</ymax>
        </bndbox>
    </object>    <object>
        <name>car</name>
        <pose>Unspecified</pose>
        <truncated>0</truncated>
        <difficult>0</difficult>
        <bndbox>
            <xmin>0.0</xmin>
            <ymin>771.36536</ymin>
            <xmax>120.9337</xmax>
            <ymax>872.88135</ymax>
        </bndbox>
    </object>    <object>
        <name>car</name>
        <pose>Unspecified</pose>
        <truncated>0</truncated>
        <difficult>0</difficult>
        <bndbox>
            <xmin>609.4735</xmin>
            <ymin>446.6283</ymin>
            <xmax>677.2294</xmax>
            <ymax>492.61713</ymax>
        </bndbox>
    </object>    <object>
        <name>car</name>
        <pose>Unspecified</pose>
        <truncated>0</truncated>
        <difficult>0</difficult>
        <bndbox>
            <xmin>1261.1627</xmin>
            <ymin>241.43463</ymin>
            <xmax>1287.399</xmax>
            <ymax>262.8522</ymax>
        </bndbox>
    </object>
</annotation>
