<annotation>
    <folder>JPEGImages</folder>
    <filename>2019-12-31_09_00_01_camera_145.jpg</filename>
    <path>/content/gdrive/My Drive/Colab Notebooks/traffic_density_dnn/automl/efficientdet/data/ohgo_cam_test/cam_145/JPEGImages/2019-12-31_09_00_01_camera_145.jpg</path>
    <source>
        <database>Unknown</database>
    </source>
    <size>
        <width>1920</width>
        <height>1080</height>
        <depth>3</depth>
    </size>
    <segmented>0</segmented>
    <object>
        <name>car</name>
        <pose>Unspecified</pose>
        <truncated>0</truncated>
        <difficult>0</difficult>
        <bndbox>
            <xmin>759.69165</xmin>
            <ymin>945.10944</ymin>
            <xmax>934.1001</xmax>
            <ymax>1077.2726</ymax>
        </bndbox>
    </object>    <object>
        <name>car</name>
        <pose>Unspecified</pose>
        <truncated>0</truncated>
        <difficult>0</difficult>
        <bndbox>
            <xmin>1143.2825</xmin>
            <ymin>960.69916</ymin>
            <xmax>1299.8357</xmax>
            <ymax>1080.0</ymax>
        </bndbox>
    </object>    <object>
        <name>car</name>
        <pose>Unspecified</pose>
        <truncated>0</truncated>
        <difficult>0</difficult>
        <bndbox>
            <xmin>870.49274</xmin>
            <ymin>320.44473</ymin>
            <xmax>926.3</xmax>
            <ymax>375.72928</ymax>
        </bndbox>
    </object>    <object>
        <name>car</name>
        <pose>Unspecified</pose>
        <truncated>0</truncated>
        <difficult>0</difficult>
        <bndbox>
            <xmin>1064.4246</xmin>
            <ymin>529.875</ymin>
            <xmax>1133.9163</xmax>
            <ymax>585.74426</ymax>
        </bndbox>
    </object>    <object>
        <name>car</name>
        <pose>Unspecified</pose>
        <truncated>0</truncated>
        <difficult>0</difficult>
        <bndbox>
            <xmin>985.16736</xmin>
            <ymin>302.7359</ymin>
            <xmax>1018.4093</xmax>
            <ymax>328.49316</ymax>
        </bndbox>
    </object>    <object>
        <name>car</name>
        <pose>Unspecified</pose>
        <truncated>0</truncated>
        <difficult>0</difficult>
        <bndbox>
            <xmin>782.5826</xmin>
            <ymin>438.87848</ymin>
            <xmax>840.7249</xmax>
            <ymax>479.34534</ymax>
        </bndbox>
    </object>    <object>
        <name>car</name>
        <pose>Unspecified</pose>
        <truncated>0</truncated>
        <difficult>0</difficult>
        <bndbox>
            <xmin>1002.74146</xmin>
            <ymin>331.61917</ymin>
            <xmax>1036.1157</xmax>
            <ymax>360.25858</ymax>
        </bndbox>
    </object>    <object>
        <name>car</name>
        <pose>Unspecified</pose>
        <truncated>0</truncated>
        <difficult>0</difficult>
        <bndbox>
            <xmin>1044.7844</xmin>
            <ymin>226.5948</ymin>
            <xmax>1064.3</xmax>
            <ymax>243.60619</ymax>
        </bndbox>
    </object>
</annotation>
