<annotation>
    <folder>JPEGImages</folder>
    <filename>2019-12-31_13_40_01_camera_145.jpg</filename>
    <path>/content/gdrive/My Drive/Colab Notebooks/traffic_density_dnn/automl/efficientdet/data/ohgo_cam_test/cam_145/JPEGImages/2019-12-31_13_40_01_camera_145.jpg</path>
    <source>
        <database>Unknown</database>
    </source>
    <size>
        <width>1920</width>
        <height>1080</height>
        <depth>3</depth>
    </size>
    <segmented>0</segmented>
    <object>
        <name>car</name>
        <pose>Unspecified</pose>
        <truncated>0</truncated>
        <difficult>0</difficult>
        <bndbox>
            <xmin>1269.4993</xmin>
            <ymin>336.5786</ymin>
            <xmax>1303.9451</xmax>
            <ymax>374.13306</ymax>
        </bndbox>
    </object>    <object>
        <name>car</name>
        <pose>Unspecified</pose>
        <truncated>0</truncated>
        <difficult>0</difficult>
        <bndbox>
            <xmin>890.7388</xmin>
            <ymin>689.2881</ymin>
            <xmax>1005.48584</xmax>
            <ymax>772.22327</ymax>
        </bndbox>
    </object>    <object>
        <name>car</name>
        <pose>Unspecified</pose>
        <truncated>0</truncated>
        <difficult>0</difficult>
        <bndbox>
            <xmin>1171.4137</xmin>
            <ymin>723.299</ymin>
            <xmax>1266.7533</xmax>
            <ymax>810.02496</ymax>
        </bndbox>
    </object>    <object>
        <name>car</name>
        <pose>Unspecified</pose>
        <truncated>0</truncated>
        <difficult>0</difficult>
        <bndbox>
            <xmin>1184.7286</xmin>
            <ymin>383.31528</ymin>
            <xmax>1223.2792</xmax>
            <ymax>416.8284</ymax>
        </bndbox>
    </object>    <object>
        <name>car</name>
        <pose>Unspecified</pose>
        <truncated>0</truncated>
        <difficult>0</difficult>
        <bndbox>
            <xmin>1324.5359</xmin>
            <ymin>390.99274</ymin>
            <xmax>1360.5627</xmax>
            <ymax>424.46173</ymax>
        </bndbox>
    </object>    <object>
        <name>car</name>
        <pose>Unspecified</pose>
        <truncated>0</truncated>
        <difficult>0</difficult>
        <bndbox>
            <xmin>1260.1992</xmin>
            <ymin>569.0739</ymin>
            <xmax>1320.623</xmax>
            <ymax>628.191</ymax>
        </bndbox>
    </object>    <object>
        <name>car</name>
        <pose>Unspecified</pose>
        <truncated>0</truncated>
        <difficult>0</difficult>
        <bndbox>
            <xmin>950.6595</xmin>
            <ymin>293.3182</ymin>
            <xmax>979.7564</xmax>
            <ymax>318.48953</ymax>
        </bndbox>
    </object>    <object>
        <name>car</name>
        <pose>Unspecified</pose>
        <truncated>0</truncated>
        <difficult>0</difficult>
        <bndbox>
            <xmin>1246.1423</xmin>
            <ymin>221.13913</ymin>
            <xmax>1264.2336</xmax>
            <ymax>234.12842</ymax>
        </bndbox>
    </object>    <object>
        <name>car</name>
        <pose>Unspecified</pose>
        <truncated>0</truncated>
        <difficult>0</difficult>
        <bndbox>
            <xmin>305.06458</xmin>
            <ymin>610.9945</ymin>
            <xmax>428.78864</xmax>
            <ymax>688.6793</ymax>
        </bndbox>
    </object>    <object>
        <name>car</name>
        <pose>Unspecified</pose>
        <truncated>0</truncated>
        <difficult>0</difficult>
        <bndbox>
            <xmin>1084.9865</xmin>
            <ymin>216.34192</ymin>
            <xmax>1101.7365</xmax>
            <ymax>228.20428</ymax>
        </bndbox>
    </object>    <object>
        <name>car</name>
        <pose>Unspecified</pose>
        <truncated>0</truncated>
        <difficult>0</difficult>
        <bndbox>
            <xmin>1058.1884</xmin>
            <ymin>166.1041</ymin>
            <xmax>1071.4557</xmax>
            <ymax>177.54245</ymax>
        </bndbox>
    </object>
</annotation>
