<annotation>
    <folder>JPEGImages</folder>
    <filename>2019-12-30_11_50_01_camera_145.jpg</filename>
    <path>/content/gdrive/My Drive/Colab Notebooks/traffic_density_dnn/automl/efficientdet/data/ohgo_cam_test/cam_145/JPEGImages/2019-12-30_11_50_01_camera_145.jpg</path>
    <source>
        <database>Unknown</database>
    </source>
    <size>
        <width>1920</width>
        <height>1080</height>
        <depth>3</depth>
    </size>
    <segmented>0</segmented>
    <object>
        <name>car</name>
        <pose>Unspecified</pose>
        <truncated>0</truncated>
        <difficult>0</difficult>
        <bndbox>
            <xmin>730.52936</xmin>
            <ymin>476.4863</ymin>
            <xmax>802.89874</xmax>
            <ymax>526.1607</ymax>
        </bndbox>
    </object>    <object>
        <name>car</name>
        <pose>Unspecified</pose>
        <truncated>0</truncated>
        <difficult>0</difficult>
        <bndbox>
            <xmin>1417.3373</xmin>
            <ymin>425.417</ymin>
            <xmax>1457.611</xmax>
            <ymax>464.88782</ymax>
        </bndbox>
    </object>    <object>
        <name>car</name>
        <pose>Unspecified</pose>
        <truncated>0</truncated>
        <difficult>0</difficult>
        <bndbox>
            <xmin>1413.4971</xmin>
            <ymin>312.76025</ymin>
            <xmax>1442.3853</xmax>
            <ymax>340.69684</ymax>
        </bndbox>
    </object>    <object>
        <name>car</name>
        <pose>Unspecified</pose>
        <truncated>0</truncated>
        <difficult>0</difficult>
        <bndbox>
            <xmin>1273.9827</xmin>
            <ymin>357.71252</ymin>
            <xmax>1314.6606</xmax>
            <ymax>401.6839</ymax>
        </bndbox>
    </object>    <object>
        <name>car</name>
        <pose>Unspecified</pose>
        <truncated>0</truncated>
        <difficult>0</difficult>
        <bndbox>
            <xmin>1129.3585</xmin>
            <ymin>465.77408</ymin>
            <xmax>1182.1112</xmax>
            <ymax>507.4443</ymax>
        </bndbox>
    </object>    <object>
        <name>car</name>
        <pose>Unspecified</pose>
        <truncated>0</truncated>
        <difficult>0</difficult>
        <bndbox>
            <xmin>241.24008</xmin>
            <ymin>684.57605</ymin>
            <xmax>393.6155</xmax>
            <ymax>775.85693</ymax>
        </bndbox>
    </object>    <object>
        <name>car</name>
        <pose>Unspecified</pose>
        <truncated>0</truncated>
        <difficult>0</difficult>
        <bndbox>
            <xmin>995.6583</xmin>
            <ymin>595.7726</ymin>
            <xmax>1076.2999</xmax>
            <ymax>654.54126</ymax>
        </bndbox>
    </object>    <object>
        <name>car</name>
        <pose>Unspecified</pose>
        <truncated>0</truncated>
        <difficult>0</difficult>
        <bndbox>
            <xmin>1056.6149</xmin>
            <ymin>211.5592</ymin>
            <xmax>1078.4872</xmax>
            <ymax>228.44641</ymax>
        </bndbox>
    </object>    <object>
        <name>car</name>
        <pose>Unspecified</pose>
        <truncated>0</truncated>
        <difficult>0</difficult>
        <bndbox>
            <xmin>910.9901</xmin>
            <ymin>795.90375</ymin>
            <xmax>1046.7185</xmax>
            <ymax>910.14703</ymax>
        </bndbox>
    </object>    <object>
        <name>car</name>
        <pose>Unspecified</pose>
        <truncated>0</truncated>
        <difficult>0</difficult>
        <bndbox>
            <xmin>935.84357</xmin>
            <ymin>383.73795</ymin>
            <xmax>980.0278</xmax>
            <ymax>422.6423</ymax>
        </bndbox>
    </object>    <object>
        <name>car</name>
        <pose>Unspecified</pose>
        <truncated>0</truncated>
        <difficult>0</difficult>
        <bndbox>
            <xmin>975.26794</xmin>
            <ymin>275.57825</ymin>
            <xmax>999.8351</xmax>
            <ymax>294.3509</ymax>
        </bndbox>
    </object>    <object>
        <name>car</name>
        <pose>Unspecified</pose>
        <truncated>0</truncated>
        <difficult>0</difficult>
        <bndbox>
            <xmin>1000.33496</xmin>
            <ymin>286.89288</ymin>
            <xmax>1028.1453</xmax>
            <ymax>311.9001</ymax>
        </bndbox>
    </object>
</annotation>
