<annotation>
    <folder>JPEGImages</folder>
    <filename>2019-12-29_10_25_01_camera_145.jpg</filename>
    <path>/content/gdrive/My Drive/Colab Notebooks/traffic_density_dnn/automl/efficientdet/data/ohgo_cam_test/cam_145/JPEGImages/2019-12-29_10_25_01_camera_145.jpg</path>
    <source>
        <database>Unknown</database>
    </source>
    <size>
        <width>1920</width>
        <height>1080</height>
        <depth>3</depth>
    </size>
    <segmented>0</segmented>
    <object>
        <name>car</name>
        <pose>Unspecified</pose>
        <truncated>0</truncated>
        <difficult>0</difficult>
        <bndbox>
            <xmin>1411.3539</xmin>
            <ymin>398.8257</ymin>
            <xmax>1448.1315</xmax>
            <ymax>439.58957</ymax>
        </bndbox>
    </object>    <object>
        <name>car</name>
        <pose>Unspecified</pose>
        <truncated>0</truncated>
        <difficult>0</difficult>
        <bndbox>
            <xmin>531.6122</xmin>
            <ymin>541.38684</ymin>
            <xmax>657.3834</xmax>
            <ymax>631.4397</ymax>
        </bndbox>
    </object>    <object>
        <name>car</name>
        <pose>Unspecified</pose>
        <truncated>0</truncated>
        <difficult>0</difficult>
        <bndbox>
            <xmin>1105.9</xmin>
            <ymin>781.8474</ymin>
            <xmax>1227.7396</xmax>
            <ymax>894.69934</ymax>
        </bndbox>
    </object>    <object>
        <name>car</name>
        <pose>Unspecified</pose>
        <truncated>0</truncated>
        <difficult>0</difficult>
        <bndbox>
            <xmin>177.00748</xmin>
            <ymin>617.30145</ymin>
            <xmax>323.20218</xmax>
            <ymax>708.2293</ymax>
        </bndbox>
    </object>    <object>
        <name>car</name>
        <pose>Unspecified</pose>
        <truncated>0</truncated>
        <difficult>0</difficult>
        <bndbox>
            <xmin>1035.6038</xmin>
            <ymin>303.9276</ymin>
            <xmax>1065.2773</xmax>
            <ymax>333.4607</ymax>
        </bndbox>
    </object>    <object>
        <name>car</name>
        <pose>Unspecified</pose>
        <truncated>0</truncated>
        <difficult>0</difficult>
        <bndbox>
            <xmin>1091.2314</xmin>
            <ymin>223.59178</ymin>
            <xmax>1112.9817</xmax>
            <ymax>250.31816</ymax>
        </bndbox>
    </object>    <object>
        <name>car</name>
        <pose>Unspecified</pose>
        <truncated>0</truncated>
        <difficult>0</difficult>
        <bndbox>
            <xmin>1229.6736</xmin>
            <ymin>444.859</ymin>
            <xmax>1284.2583</xmax>
            <ymax>501.68304</ymax>
        </bndbox>
    </object>    <object>
        <name>car</name>
        <pose>Unspecified</pose>
        <truncated>0</truncated>
        <difficult>0</difficult>
        <bndbox>
            <xmin>1408.9108</xmin>
            <ymin>273.9183</ymin>
            <xmax>1447.0682</xmax>
            <ymax>319.07254</ymax>
        </bndbox>
    </object>    <object>
        <name>car</name>
        <pose>Unspecified</pose>
        <truncated>0</truncated>
        <difficult>0</difficult>
        <bndbox>
            <xmin>810.67004</xmin>
            <ymin>429.70715</ymin>
            <xmax>866.26196</xmax>
            <ymax>477.4748</ymax>
        </bndbox>
    </object>
</annotation>
