<annotation>
    <folder>JPEGImages</folder>
    <filename>2019-12-28_14_20_01_camera_145.jpg</filename>
    <path>/content/gdrive/My Drive/Colab Notebooks/traffic_density_dnn/automl/efficientdet/data/ohgo_cam_test/cam_145/JPEGImages/2019-12-28_14_20_01_camera_145.jpg</path>
    <source>
        <database>Unknown</database>
    </source>
    <size>
        <width>1920</width>
        <height>1080</height>
        <depth>3</depth>
    </size>
    <segmented>0</segmented>
    <object>
        <name>car</name>
        <pose>Unspecified</pose>
        <truncated>0</truncated>
        <difficult>0</difficult>
        <bndbox>
            <xmin>880.38196</xmin>
            <ymin>378.58282</ymin>
            <xmax>930.2628</xmax>
            <ymax>418.2209</ymax>
        </bndbox>
    </object>    <object>
        <name>car</name>
        <pose>Unspecified</pose>
        <truncated>0</truncated>
        <difficult>0</difficult>
        <bndbox>
            <xmin>1071.1986</xmin>
            <ymin>253.14793</ymin>
            <xmax>1097.8209</xmax>
            <ymax>281.32446</ymax>
        </bndbox>
    </object>    <object>
        <name>car</name>
        <pose>Unspecified</pose>
        <truncated>0</truncated>
        <difficult>0</difficult>
        <bndbox>
            <xmin>1149.3395</xmin>
            <ymin>566.6926</ymin>
            <xmax>1218.5067</xmax>
            <ymax>623.99695</ymax>
        </bndbox>
    </object>    <object>
        <name>car</name>
        <pose>Unspecified</pose>
        <truncated>0</truncated>
        <difficult>0</difficult>
        <bndbox>
            <xmin>1042.6755</xmin>
            <ymin>296.60455</ymin>
            <xmax>1071.5952</xmax>
            <ymax>320.61432</ymax>
        </bndbox>
    </object>    <object>
        <name>car</name>
        <pose>Unspecified</pose>
        <truncated>0</truncated>
        <difficult>0</difficult>
        <bndbox>
            <xmin>589.3248</xmin>
            <ymin>487.0641</ymin>
            <xmax>676.5796</xmax>
            <ymax>543.13794</ymax>
        </bndbox>
    </object>    <object>
        <name>car</name>
        <pose>Unspecified</pose>
        <truncated>0</truncated>
        <difficult>0</difficult>
        <bndbox>
            <xmin>946.06525</xmin>
            <ymin>634.53186</ymin>
            <xmax>1046.1025</xmax>
            <ymax>709.76294</ymax>
        </bndbox>
    </object>    <object>
        <name>car</name>
        <pose>Unspecified</pose>
        <truncated>0</truncated>
        <difficult>0</difficult>
        <bndbox>
            <xmin>179.98232</xmin>
            <ymin>649.955</ymin>
            <xmax>315.57135</xmax>
            <ymax>722.83844</ymax>
        </bndbox>
    </object>    <object>
        <name>car</name>
        <pose>Unspecified</pose>
        <truncated>0</truncated>
        <difficult>0</difficult>
        <bndbox>
            <xmin>595.2909</xmin>
            <ymin>536.101</ymin>
            <xmax>687.46265</xmax>
            <ymax>595.51044</ymax>
        </bndbox>
    </object>
</annotation>
