<annotation>
    <folder>JPEGImages</folder>
    <filename>2019-12-31_13_10_01_camera_145.jpg</filename>
    <path>/content/gdrive/My Drive/Colab Notebooks/traffic_density_dnn/automl/efficientdet/data/ohgo_cam_test/cam_145/JPEGImages/2019-12-31_13_10_01_camera_145.jpg</path>
    <source>
        <database>Unknown</database>
    </source>
    <size>
        <width>1920</width>
        <height>1080</height>
        <depth>3</depth>
    </size>
    <segmented>0</segmented>
    <object>
        <name>car</name>
        <pose>Unspecified</pose>
        <truncated>0</truncated>
        <difficult>0</difficult>
        <bndbox>
            <xmin>775.71027</xmin>
            <ymin>355.11237</ymin>
            <xmax>820.0898</xmax>
            <ymax>389.3629</ymax>
        </bndbox>
    </object>    <object>
        <name>car</name>
        <pose>Unspecified</pose>
        <truncated>0</truncated>
        <difficult>0</difficult>
        <bndbox>
            <xmin>721.26245</xmin>
            <ymin>428.7253</ymin>
            <xmax>788.57666</xmax>
            <ymax>479.93735</ymax>
        </bndbox>
    </object>    <object>
        <name>car</name>
        <pose>Unspecified</pose>
        <truncated>0</truncated>
        <difficult>0</difficult>
        <bndbox>
            <xmin>1338.3364</xmin>
            <ymin>660.24225</ymin>
            <xmax>1418.4084</xmax>
            <ymax>737.09906</ymax>
        </bndbox>
    </object>    <object>
        <name>car</name>
        <pose>Unspecified</pose>
        <truncated>0</truncated>
        <difficult>0</difficult>
        <bndbox>
            <xmin>1403.6068</xmin>
            <ymin>426.11047</ymin>
            <xmax>1446.2555</xmax>
            <ymax>470.4895</ymax>
        </bndbox>
    </object>    <object>
        <name>car</name>
        <pose>Unspecified</pose>
        <truncated>0</truncated>
        <difficult>0</difficult>
        <bndbox>
            <xmin>1268.1947</xmin>
            <ymin>414.73288</ymin>
            <xmax>1316.6874</xmax>
            <ymax>461.12003</ymax>
        </bndbox>
    </object>    <object>
        <name>car</name>
        <pose>Unspecified</pose>
        <truncated>0</truncated>
        <difficult>0</difficult>
        <bndbox>
            <xmin>1133.1411</xmin>
            <ymin>596.1818</ymin>
            <xmax>1204.2668</xmax>
            <ymax>654.1678</ymax>
        </bndbox>
    </object>    <object>
        <name>car</name>
        <pose>Unspecified</pose>
        <truncated>0</truncated>
        <difficult>0</difficult>
        <bndbox>
            <xmin>1005.4021</xmin>
            <ymin>286.938</ymin>
            <xmax>1034.7661</xmax>
            <ymax>312.42438</ymax>
        </bndbox>
    </object>    <object>
        <name>car</name>
        <pose>Unspecified</pose>
        <truncated>0</truncated>
        <difficult>0</difficult>
        <bndbox>
            <xmin>466.54102</xmin>
            <ymin>553.127</ymin>
            <xmax>562.51135</xmax>
            <ymax>613.3355</ymax>
        </bndbox>
    </object>    <object>
        <name>car</name>
        <pose>Unspecified</pose>
        <truncated>0</truncated>
        <difficult>0</difficult>
        <bndbox>
            <xmin>1149.7516</xmin>
            <ymin>433.68735</ymin>
            <xmax>1194.9323</xmax>
            <ymax>470.35294</ymax>
        </bndbox>
    </object>    <object>
        <name>car</name>
        <pose>Unspecified</pose>
        <truncated>0</truncated>
        <difficult>0</difficult>
        <bndbox>
            <xmin>1274.0851</xmin>
            <ymin>362.06708</ymin>
            <xmax>1305.789</xmax>
            <ymax>391.54932</ymax>
        </bndbox>
    </object>    <object>
        <name>car</name>
        <pose>Unspecified</pose>
        <truncated>0</truncated>
        <difficult>0</difficult>
        <bndbox>
            <xmin>1165.6776</xmin>
            <ymin>167.279</ymin>
            <xmax>1180.1058</xmax>
            <ymax>179.10988</ymax>
        </bndbox>
    </object>    <object>
        <name>car</name>
        <pose>Unspecified</pose>
        <truncated>0</truncated>
        <difficult>0</difficult>
        <bndbox>
            <xmin>1230.3422</xmin>
            <ymin>198.89935</ymin>
            <xmax>1246.9669</xmax>
            <ymax>210.99277</ymax>
        </bndbox>
    </object>
</annotation>
