<annotation>
    <folder>JPEGImages</folder>
    <filename>2019-12-28_10_10_01_camera_145.jpg</filename>
    <path>/content/gdrive/My Drive/Colab Notebooks/traffic_density_dnn/automl/efficientdet/data/ohgo_cam_test/cam_145/JPEGImages/2019-12-28_10_10_01_camera_145.jpg</path>
    <source>
        <database>Unknown</database>
    </source>
    <size>
        <width>1920</width>
        <height>1080</height>
        <depth>3</depth>
    </size>
    <segmented>0</segmented>
    <object>
        <name>car</name>
        <pose>Unspecified</pose>
        <truncated>0</truncated>
        <difficult>0</difficult>
        <bndbox>
            <xmin>1341.4105</xmin>
            <ymin>317.7249</ymin>
            <xmax>1379.2465</xmax>
            <ymax>362.46246</ymax>
        </bndbox>
    </object>    <object>
        <name>car</name>
        <pose>Unspecified</pose>
        <truncated>0</truncated>
        <difficult>0</difficult>
        <bndbox>
            <xmin>1195.6136</xmin>
            <ymin>510.39703</ymin>
            <xmax>1258.2965</xmax>
            <ymax>571.4587</ymax>
        </bndbox>
    </object>    <object>
        <name>car</name>
        <pose>Unspecified</pose>
        <truncated>0</truncated>
        <difficult>0</difficult>
        <bndbox>
            <xmin>1118.1143</xmin>
            <ymin>460.1942</ymin>
            <xmax>1176.2246</xmax>
            <ymax>510.55414</ymax>
        </bndbox>
    </object>    <object>
        <name>car</name>
        <pose>Unspecified</pose>
        <truncated>0</truncated>
        <difficult>0</difficult>
        <bndbox>
            <xmin>333.57434</xmin>
            <ymin>626.8468</ymin>
            <xmax>496.98248</xmax>
            <ymax>721.7848</ymax>
        </bndbox>
    </object>    <object>
        <name>car</name>
        <pose>Unspecified</pose>
        <truncated>0</truncated>
        <difficult>0</difficult>
        <bndbox>
            <xmin>1336.2147</xmin>
            <ymin>388.15384</ymin>
            <xmax>1377.3634</xmax>
            <ymax>433.30154</ymax>
        </bndbox>
    </object>    <object>
        <name>car</name>
        <pose>Unspecified</pose>
        <truncated>0</truncated>
        <difficult>0</difficult>
        <bndbox>
            <xmin>1209.0891</xmin>
            <ymin>352.9535</ymin>
            <xmax>1240.926</xmax>
            <ymax>382.0171</ymax>
        </bndbox>
    </object>    <object>
        <name>car</name>
        <pose>Unspecified</pose>
        <truncated>0</truncated>
        <difficult>0</difficult>
        <bndbox>
            <xmin>848.0855</xmin>
            <ymin>306.46606</ymin>
            <xmax>882.60944</xmax>
            <ymax>336.65417</ymax>
        </bndbox>
    </object>    <object>
        <name>car</name>
        <pose>Unspecified</pose>
        <truncated>0</truncated>
        <difficult>0</difficult>
        <bndbox>
            <xmin>1285.3818</xmin>
            <ymin>295.23007</ymin>
            <xmax>1313.7153</xmax>
            <ymax>320.27176</ymax>
        </bndbox>
    </object>    <object>
        <name>car</name>
        <pose>Unspecified</pose>
        <truncated>0</truncated>
        <difficult>0</difficult>
        <bndbox>
            <xmin>772.29395</xmin>
            <ymin>443.59</ymin>
            <xmax>839.08093</xmax>
            <ymax>492.54654</ymax>
        </bndbox>
    </object>    <object>
        <name>car</name>
        <pose>Unspecified</pose>
        <truncated>0</truncated>
        <difficult>0</difficult>
        <bndbox>
            <xmin>904.5136</xmin>
            <ymin>796.7179</ymin>
            <xmax>1053.0286</xmax>
            <ymax>921.10535</ymax>
        </bndbox>
    </object>    <object>
        <name>car</name>
        <pose>Unspecified</pose>
        <truncated>0</truncated>
        <difficult>0</difficult>
        <bndbox>
            <xmin>1015.60547</xmin>
            <ymin>213.32227</ymin>
            <xmax>1042.3308</xmax>
            <ymax>239.7174</ymax>
        </bndbox>
    </object>
</annotation>
