<annotation>
    <folder>JPEGImages</folder>
    <filename>2019-12-30_14_30_01_camera_145.jpg</filename>
    <path>/content/gdrive/My Drive/Colab Notebooks/traffic_density_dnn/automl/efficientdet/data/ohgo_cam_test/cam_145/JPEGImages/2019-12-30_14_30_01_camera_145.jpg</path>
    <source>
        <database>Unknown</database>
    </source>
    <size>
        <width>1920</width>
        <height>1080</height>
        <depth>3</depth>
    </size>
    <segmented>0</segmented>
    <object>
        <name>car</name>
        <pose>Unspecified</pose>
        <truncated>0</truncated>
        <difficult>0</difficult>
        <bndbox>
            <xmin>948.7124</xmin>
            <ymin>331.10727</ymin>
            <xmax>988.2661</xmax>
            <ymax>365.90665</ymax>
        </bndbox>
    </object>    <object>
        <name>car</name>
        <pose>Unspecified</pose>
        <truncated>0</truncated>
        <difficult>0</difficult>
        <bndbox>
            <xmin>639.14026</xmin>
            <ymin>899.8051</ymin>
            <xmax>824.38525</xmax>
            <ymax>1041.2189</ymax>
        </bndbox>
    </object>    <object>
        <name>car</name>
        <pose>Unspecified</pose>
        <truncated>0</truncated>
        <difficult>0</difficult>
        <bndbox>
            <xmin>1415.3075</xmin>
            <ymin>330.67914</ymin>
            <xmax>1445.9076</xmax>
            <ymax>363.34058</ymax>
        </bndbox>
    </object>    <object>
        <name>car</name>
        <pose>Unspecified</pose>
        <truncated>0</truncated>
        <difficult>0</difficult>
        <bndbox>
            <xmin>922.906</xmin>
            <ymin>308.95135</ymin>
            <xmax>961.52637</xmax>
            <ymax>337.90588</ymax>
        </bndbox>
    </object>    <object>
        <name>car</name>
        <pose>Unspecified</pose>
        <truncated>0</truncated>
        <difficult>0</difficult>
        <bndbox>
            <xmin>843.2586</xmin>
            <ymin>425.92432</ymin>
            <xmax>916.25824</xmax>
            <ymax>480.9665</ymax>
        </bndbox>
    </object>    <object>
        <name>car</name>
        <pose>Unspecified</pose>
        <truncated>0</truncated>
        <difficult>0</difficult>
        <bndbox>
            <xmin>1003.56995</xmin>
            <ymin>343.75952</ymin>
            <xmax>1037.2672</xmax>
            <ymax>370.456</ymax>
        </bndbox>
    </object>    <object>
        <name>car</name>
        <pose>Unspecified</pose>
        <truncated>0</truncated>
        <difficult>0</difficult>
        <bndbox>
            <xmin>1181.9355</xmin>
            <ymin>390.4992</ymin>
            <xmax>1219.9536</xmax>
            <ymax>422.95905</ymax>
        </bndbox>
    </object>    <object>
        <name>car</name>
        <pose>Unspecified</pose>
        <truncated>0</truncated>
        <difficult>0</difficult>
        <bndbox>
            <xmin>1206.4507</xmin>
            <ymin>593.4939</ymin>
            <xmax>1291.9641</xmax>
            <ymax>658.4103</ymax>
        </bndbox>
    </object>    <object>
        <name>car</name>
        <pose>Unspecified</pose>
        <truncated>0</truncated>
        <difficult>0</difficult>
        <bndbox>
            <xmin>1271.7617</xmin>
            <ymin>362.0958</ymin>
            <xmax>1304.7815</xmax>
            <ymax>394.54703</ymax>
        </bndbox>
    </object>    <object>
        <name>car</name>
        <pose>Unspecified</pose>
        <truncated>0</truncated>
        <difficult>0</difficult>
        <bndbox>
            <xmin>1186.5117</xmin>
            <ymin>168.62672</ymin>
            <xmax>1199.427</xmax>
            <ymax>179.24278</ymax>
        </bndbox>
    </object>    <object>
        <name>car</name>
        <pose>Unspecified</pose>
        <truncated>0</truncated>
        <difficult>0</difficult>
        <bndbox>
            <xmin>1208.3093</xmin>
            <ymin>182.2483</ymin>
            <xmax>1222.7837</xmax>
            <ymax>194.09099</ymax>
        </bndbox>
    </object>    <object>
        <name>car</name>
        <pose>Unspecified</pose>
        <truncated>0</truncated>
        <difficult>0</difficult>
        <bndbox>
            <xmin>1268.7839</xmin>
            <ymin>257.86346</ymin>
            <xmax>1293.8994</xmax>
            <ymax>278.1137</ymax>
        </bndbox>
    </object>    <object>
        <name>car</name>
        <pose>Unspecified</pose>
        <truncated>0</truncated>
        <difficult>0</difficult>
        <bndbox>
            <xmin>1258.659</xmin>
            <ymin>226.66136</ymin>
            <xmax>1279.6786</xmax>
            <ymax>243.62538</ymax>
        </bndbox>
    </object>
</annotation>
