<annotation>
    <folder>JPEGImages</folder>
    <filename>2019-12-29_13_25_01_camera_145.jpg</filename>
    <path>/content/gdrive/My Drive/Colab Notebooks/traffic_density_dnn/automl/efficientdet/data/ohgo_cam_test/cam_145/JPEGImages/2019-12-29_13_25_01_camera_145.jpg</path>
    <source>
        <database>Unknown</database>
    </source>
    <size>
        <width>1920</width>
        <height>1080</height>
        <depth>3</depth>
    </size>
    <segmented>0</segmented>
    <object>
        <name>car</name>
        <pose>Unspecified</pose>
        <truncated>0</truncated>
        <difficult>0</difficult>
        <bndbox>
            <xmin>804.65814</xmin>
            <ymin>467.752</ymin>
            <xmax>872.82245</xmax>
            <ymax>515.674</ymax>
        </bndbox>
    </object>    <object>
        <name>car</name>
        <pose>Unspecified</pose>
        <truncated>0</truncated>
        <difficult>0</difficult>
        <bndbox>
            <xmin>659.77203</xmin>
            <ymin>510.24405</ymin>
            <xmax>737.1408</xmax>
            <ymax>566.2519</ymax>
        </bndbox>
    </object>    <object>
        <name>car</name>
        <pose>Unspecified</pose>
        <truncated>0</truncated>
        <difficult>0</difficult>
        <bndbox>
            <xmin>344.23935</xmin>
            <ymin>602.6423</ymin>
            <xmax>463.46585</xmax>
            <ymax>677.1141</ymax>
        </bndbox>
    </object>    <object>
        <name>car</name>
        <pose>Unspecified</pose>
        <truncated>0</truncated>
        <difficult>0</difficult>
        <bndbox>
            <xmin>1134.0284</xmin>
            <ymin>617.10925</ymin>
            <xmax>1213.86</xmax>
            <ymax>683.47864</ymax>
        </bndbox>
    </object>    <object>
        <name>car</name>
        <pose>Unspecified</pose>
        <truncated>0</truncated>
        <difficult>0</difficult>
        <bndbox>
            <xmin>903.06366</xmin>
            <ymin>327.2548</ymin>
            <xmax>941.11237</xmax>
            <ymax>361.38412</ymax>
        </bndbox>
    </object>    <object>
        <name>car</name>
        <pose>Unspecified</pose>
        <truncated>0</truncated>
        <difficult>0</difficult>
        <bndbox>
            <xmin>1215.9052</xmin>
            <ymin>345.83395</ymin>
            <xmax>1244.3248</xmax>
            <ymax>376.31076</ymax>
        </bndbox>
    </object>    <object>
        <name>car</name>
        <pose>Unspecified</pose>
        <truncated>0</truncated>
        <difficult>0</difficult>
        <bndbox>
            <xmin>1032.9294</xmin>
            <ymin>174.39804</ymin>
            <xmax>1047.0476</xmax>
            <ymax>186.67157</ymax>
        </bndbox>
    </object>
</annotation>
