<annotation>
    <folder>JPEGImages</folder>
    <filename>2019-12-31_15_00_01_camera_145.jpg</filename>
    <path>/content/gdrive/My Drive/Colab Notebooks/traffic_density_dnn/automl/efficientdet/data/ohgo_cam_test/cam_145/JPEGImages/2019-12-31_15_00_01_camera_145.jpg</path>
    <source>
        <database>Unknown</database>
    </source>
    <size>
        <width>1920</width>
        <height>1080</height>
        <depth>3</depth>
    </size>
    <segmented>0</segmented>
    <object>
        <name>car</name>
        <pose>Unspecified</pose>
        <truncated>0</truncated>
        <difficult>0</difficult>
        <bndbox>
            <xmin>1222.8358</xmin>
            <ymin>449.11087</ymin>
            <xmax>1281.6051</xmax>
            <ymax>505.15958</ymax>
        </bndbox>
    </object>    <object>
        <name>car</name>
        <pose>Unspecified</pose>
        <truncated>0</truncated>
        <difficult>0</difficult>
        <bndbox>
            <xmin>1198.8762</xmin>
            <ymin>357.74713</ymin>
            <xmax>1236.5681</xmax>
            <ymax>392.48267</ymax>
        </bndbox>
    </object>    <object>
        <name>car</name>
        <pose>Unspecified</pose>
        <truncated>0</truncated>
        <difficult>0</difficult>
        <bndbox>
            <xmin>1103.4955</xmin>
            <ymin>487.0957</ymin>
            <xmax>1160.6176</xmax>
            <ymax>532.43976</ymax>
        </bndbox>
    </object>    <object>
        <name>car</name>
        <pose>Unspecified</pose>
        <truncated>0</truncated>
        <difficult>0</difficult>
        <bndbox>
            <xmin>1375.1625</xmin>
            <ymin>561.15234</ymin>
            <xmax>1438.5138</xmax>
            <ymax>623.7637</ymax>
        </bndbox>
    </object>    <object>
        <name>car</name>
        <pose>Unspecified</pose>
        <truncated>0</truncated>
        <difficult>0</difficult>
        <bndbox>
            <xmin>872.60876</xmin>
            <ymin>343.23694</ymin>
            <xmax>915.67834</xmax>
            <ymax>378.34875</ymax>
        </bndbox>
    </object>    <object>
        <name>car</name>
        <pose>Unspecified</pose>
        <truncated>0</truncated>
        <difficult>0</difficult>
        <bndbox>
            <xmin>1402.3801</xmin>
            <ymin>326.7835</ymin>
            <xmax>1455.4294</xmax>
            <ymax>415.65485</ymax>
        </bndbox>
    </object>    <object>
        <name>car</name>
        <pose>Unspecified</pose>
        <truncated>0</truncated>
        <difficult>0</difficult>
        <bndbox>
            <xmin>258.25092</xmin>
            <ymin>678.6621</ymin>
            <xmax>393.74847</xmax>
            <ymax>762.61194</ymax>
        </bndbox>
    </object>    <object>
        <name>car</name>
        <pose>Unspecified</pose>
        <truncated>0</truncated>
        <difficult>0</difficult>
        <bndbox>
            <xmin>1217.8381</xmin>
            <ymin>221.44098</ymin>
            <xmax>1238.6233</xmax>
            <ymax>236.64444</ymax>
        </bndbox>
    </object>    <object>
        <name>car</name>
        <pose>Unspecified</pose>
        <truncated>0</truncated>
        <difficult>0</difficult>
        <bndbox>
            <xmin>1232.4888</xmin>
            <ymin>274.92767</ymin>
            <xmax>1259.9468</xmax>
            <ymax>300.9129</ymax>
        </bndbox>
    </object>
</annotation>
