<annotation>
    <folder>JPEGImages</folder>
    <filename>2019-12-31_10_00_01_camera_145.jpg</filename>
    <path>/content/gdrive/My Drive/Colab Notebooks/traffic_density_dnn/automl/efficientdet/data/ohgo_cam_test/cam_145/JPEGImages/2019-12-31_10_00_01_camera_145.jpg</path>
    <source>
        <database>Unknown</database>
    </source>
    <size>
        <width>1920</width>
        <height>1080</height>
        <depth>3</depth>
    </size>
    <segmented>0</segmented>
    <object>
        <name>car</name>
        <pose>Unspecified</pose>
        <truncated>0</truncated>
        <difficult>0</difficult>
        <bndbox>
            <xmin>1258.3403</xmin>
            <ymin>786.62195</ymin>
            <xmax>1368.7268</xmax>
            <ymax>892.2661</ymax>
        </bndbox>
    </object>    <object>
        <name>car</name>
        <pose>Unspecified</pose>
        <truncated>0</truncated>
        <difficult>0</difficult>
        <bndbox>
            <xmin>348.985</xmin>
            <ymin>637.3745</ymin>
            <xmax>490.34747</xmax>
            <ymax>727.3634</ymax>
        </bndbox>
    </object>    <object>
        <name>car</name>
        <pose>Unspecified</pose>
        <truncated>0</truncated>
        <difficult>0</difficult>
        <bndbox>
            <xmin>589.70276</xmin>
            <ymin>494.33478</ymin>
            <xmax>673.09717</xmax>
            <ymax>550.9146</ymax>
        </bndbox>
    </object>    <object>
        <name>car</name>
        <pose>Unspecified</pose>
        <truncated>0</truncated>
        <difficult>0</difficult>
        <bndbox>
            <xmin>1325.4609</xmin>
            <ymin>471.7905</ymin>
            <xmax>1378.9897</xmax>
            <ymax>525.2698</ymax>
        </bndbox>
    </object>    <object>
        <name>car</name>
        <pose>Unspecified</pose>
        <truncated>0</truncated>
        <difficult>0</difficult>
        <bndbox>
            <xmin>1258.0665</xmin>
            <ymin>389.05786</ymin>
            <xmax>1296.2926</xmax>
            <ymax>426.56</ymax>
        </bndbox>
    </object>    <object>
        <name>car</name>
        <pose>Unspecified</pose>
        <truncated>0</truncated>
        <difficult>0</difficult>
        <bndbox>
            <xmin>506.85248</xmin>
            <ymin>949.0559</ymin>
            <xmax>732.40424</xmax>
            <ymax>1080.0</ymax>
        </bndbox>
    </object>    <object>
        <name>car</name>
        <pose>Unspecified</pose>
        <truncated>0</truncated>
        <difficult>0</difficult>
        <bndbox>
            <xmin>930.41156</xmin>
            <ymin>336.4544</ymin>
            <xmax>970.6391</xmax>
            <ymax>368.12665</ymax>
        </bndbox>
    </object>    <object>
        <name>car</name>
        <pose>Unspecified</pose>
        <truncated>0</truncated>
        <difficult>0</difficult>
        <bndbox>
            <xmin>1206.2445</xmin>
            <ymin>174.98343</ymin>
            <xmax>1221.0865</xmax>
            <ymax>186.6518</ymax>
        </bndbox>
    </object>    <object>
        <name>car</name>
        <pose>Unspecified</pose>
        <truncated>0</truncated>
        <difficult>0</difficult>
        <bndbox>
            <xmin>1223.2268</xmin>
            <ymin>190.17513</ymin>
            <xmax>1239.367</xmax>
            <ymax>202.00954</ymax>
        </bndbox>
    </object>
</annotation>
