<annotation>
    <folder>JPEGImages</folder>
    <filename>2019-12-30_10_50_01_camera_145.jpg</filename>
    <path>/content/gdrive/My Drive/Colab Notebooks/traffic_density_dnn/automl/efficientdet/data/ohgo_cam_test/cam_145/JPEGImages/2019-12-30_10_50_01_camera_145.jpg</path>
    <source>
        <database>Unknown</database>
    </source>
    <size>
        <width>1920</width>
        <height>1080</height>
        <depth>3</depth>
    </size>
    <segmented>0</segmented>
    <object>
        <name>car</name>
        <pose>Unspecified</pose>
        <truncated>0</truncated>
        <difficult>0</difficult>
        <bndbox>
            <xmin>1198.9272</xmin>
            <ymin>500.33185</ymin>
            <xmax>1255.3982</xmax>
            <ymax>550.3487</ymax>
        </bndbox>
    </object>    <object>
        <name>car</name>
        <pose>Unspecified</pose>
        <truncated>0</truncated>
        <difficult>0</difficult>
        <bndbox>
            <xmin>1021.7427</xmin>
            <ymin>783.8318</ymin>
            <xmax>1155.5981</xmax>
            <ymax>911.1593</ymax>
        </bndbox>
    </object>    <object>
        <name>car</name>
        <pose>Unspecified</pose>
        <truncated>0</truncated>
        <difficult>0</difficult>
        <bndbox>
            <xmin>825.55164</xmin>
            <ymin>449.012</ymin>
            <xmax>891.2803</xmax>
            <ymax>500.33878</ymax>
        </bndbox>
    </object>    <object>
        <name>car</name>
        <pose>Unspecified</pose>
        <truncated>0</truncated>
        <difficult>0</difficult>
        <bndbox>
            <xmin>992.55804</xmin>
            <ymin>341.02438</ymin>
            <xmax>1028.5804</xmax>
            <ymax>371.27414</ymax>
        </bndbox>
    </object>    <object>
        <name>car</name>
        <pose>Unspecified</pose>
        <truncated>0</truncated>
        <difficult>0</difficult>
        <bndbox>
            <xmin>1262.1265</xmin>
            <ymin>539.1809</ymin>
            <xmax>1327.2427</xmax>
            <ymax>598.25</ymax>
        </bndbox>
    </object>    <object>
        <name>car</name>
        <pose>Unspecified</pose>
        <truncated>0</truncated>
        <difficult>0</difficult>
        <bndbox>
            <xmin>344.35345</xmin>
            <ymin>547.6792</ymin>
            <xmax>442.62946</xmax>
            <ymax>608.12695</ymax>
        </bndbox>
    </object>    <object>
        <name>car</name>
        <pose>Unspecified</pose>
        <truncated>0</truncated>
        <difficult>0</difficult>
        <bndbox>
            <xmin>1076.56</xmin>
            <ymin>460.27502</ymin>
            <xmax>1172.6746</xmax>
            <ymax>554.6859</ymax>
        </bndbox>
    </object>    <object>
        <name>car</name>
        <pose>Unspecified</pose>
        <truncated>0</truncated>
        <difficult>0</difficult>
        <bndbox>
            <xmin>996.23444</xmin>
            <ymin>300.3287</ymin>
            <xmax>1026.3135</xmax>
            <ymax>324.84665</ymax>
        </bndbox>
    </object>    <object>
        <name>car</name>
        <pose>Unspecified</pose>
        <truncated>0</truncated>
        <difficult>0</difficult>
        <bndbox>
            <xmin>1276.0717</xmin>
            <ymin>338.71338</ymin>
            <xmax>1304.3807</xmax>
            <ymax>368.24835</ymax>
        </bndbox>
    </object>
</annotation>
