<annotation>
    <folder>JPEGImages</folder>
    <filename>2019-12-28_11_30_01_camera_145.jpg</filename>
    <path>/content/gdrive/My Drive/Colab Notebooks/traffic_density_dnn/automl/efficientdet/data/ohgo_cam_test/cam_145/JPEGImages/2019-12-28_11_30_01_camera_145.jpg</path>
    <source>
        <database>Unknown</database>
    </source>
    <size>
        <width>1920</width>
        <height>1080</height>
        <depth>3</depth>
    </size>
    <segmented>0</segmented>
    <object>
        <name>car</name>
        <pose>Unspecified</pose>
        <truncated>0</truncated>
        <difficult>0</difficult>
        <bndbox>
            <xmin>1336.4822</xmin>
            <ymin>331.3566</ymin>
            <xmax>1366.8293</xmax>
            <ymax>361.9869</ymax>
        </bndbox>
    </object>    <object>
        <name>car</name>
        <pose>Unspecified</pose>
        <truncated>0</truncated>
        <difficult>0</difficult>
        <bndbox>
            <xmin>733.0211</xmin>
            <ymin>904.25507</ymin>
            <xmax>932.4353</xmax>
            <ymax>1076.2327</ymax>
        </bndbox>
    </object>    <object>
        <name>car</name>
        <pose>Unspecified</pose>
        <truncated>0</truncated>
        <difficult>0</difficult>
        <bndbox>
            <xmin>705.4812</xmin>
            <ymin>531.54236</ymin>
            <xmax>788.49963</xmax>
            <ymax>588.5709</ymax>
        </bndbox>
    </object>    <object>
        <name>car</name>
        <pose>Unspecified</pose>
        <truncated>0</truncated>
        <difficult>0</difficult>
        <bndbox>
            <xmin>1185.6484</xmin>
            <ymin>167.70172</ymin>
            <xmax>1199.0637</xmax>
            <ymax>178.36975</ymax>
        </bndbox>
    </object>    <object>
        <name>car</name>
        <pose>Unspecified</pose>
        <truncated>0</truncated>
        <difficult>0</difficult>
        <bndbox>
            <xmin>873.21246</xmin>
            <ymin>374.87308</ymin>
            <xmax>925.5031</xmax>
            <ymax>416.4587</ymax>
        </bndbox>
    </object>    <object>
        <name>car</name>
        <pose>Unspecified</pose>
        <truncated>0</truncated>
        <difficult>0</difficult>
        <bndbox>
            <xmin>1273.2987</xmin>
            <ymin>290.69244</ymin>
            <xmax>1299.5289</xmax>
            <ymax>314.7235</ymax>
        </bndbox>
    </object>    <object>
        <name>car</name>
        <pose>Unspecified</pose>
        <truncated>0</truncated>
        <difficult>0</difficult>
        <bndbox>
            <xmin>1170.6505</xmin>
            <ymin>152.38135</ymin>
            <xmax>1182.445</xmax>
            <ymax>161.83484</ymax>
        </bndbox>
    </object>    <object>
        <name>car</name>
        <pose>Unspecified</pose>
        <truncated>0</truncated>
        <difficult>0</difficult>
        <bndbox>
            <xmin>1225.8418</xmin>
            <ymin>197.43437</ymin>
            <xmax>1240.3569</xmax>
            <ymax>209.19887</ymax>
        </bndbox>
    </object>    <object>
        <name>car</name>
        <pose>Unspecified</pose>
        <truncated>0</truncated>
        <difficult>0</difficult>
        <bndbox>
            <xmin>1328.3461</xmin>
            <ymin>293.55338</ymin>
            <xmax>1352.8197</xmax>
            <ymax>315.40305</ymax>
        </bndbox>
    </object>
</annotation>
