<annotation>
    <folder>JPEGImages</folder>
    <filename>2019-12-28_10_30_01_camera_145.jpg</filename>
    <path>/content/gdrive/My Drive/Colab Notebooks/traffic_density_dnn/automl/efficientdet/data/ohgo_cam_test/cam_145/JPEGImages/2019-12-28_10_30_01_camera_145.jpg</path>
    <source>
        <database>Unknown</database>
    </source>
    <size>
        <width>1920</width>
        <height>1080</height>
        <depth>3</depth>
    </size>
    <segmented>0</segmented>
    <object>
        <name>car</name>
        <pose>Unspecified</pose>
        <truncated>0</truncated>
        <difficult>0</difficult>
        <bndbox>
            <xmin>205.6615</xmin>
            <ymin>698.4299</ymin>
            <xmax>366.17645</xmax>
            <ymax>803.15936</ymax>
        </bndbox>
    </object>    <object>
        <name>car</name>
        <pose>Unspecified</pose>
        <truncated>0</truncated>
        <difficult>0</difficult>
        <bndbox>
            <xmin>1328.7207</xmin>
            <ymin>421.45972</ymin>
            <xmax>1371.4436</xmax>
            <ymax>467.96844</ymax>
        </bndbox>
    </object>    <object>
        <name>car</name>
        <pose>Unspecified</pose>
        <truncated>0</truncated>
        <difficult>0</difficult>
        <bndbox>
            <xmin>1169.9984</xmin>
            <ymin>517.72955</ymin>
            <xmax>1235.0453</xmax>
            <ymax>575.3709</ymax>
        </bndbox>
    </object>
</annotation>
