<annotation>
    <folder>JPEGImages</folder>
    <filename>2019-12-30_15_00_02_camera_145.jpg</filename>
    <path>/content/gdrive/My Drive/Colab Notebooks/traffic_density_dnn/automl/efficientdet/data/ohgo_cam_test/cam_145/JPEGImages/2019-12-30_15_00_02_camera_145.jpg</path>
    <source>
        <database>Unknown</database>
    </source>
    <size>
        <width>1920</width>
        <height>1080</height>
        <depth>3</depth>
    </size>
    <segmented>0</segmented>
    <object>
        <name>car</name>
        <pose>Unspecified</pose>
        <truncated>0</truncated>
        <difficult>0</difficult>
        <bndbox>
            <xmin>1398.6864</xmin>
            <ymin>253.28915</ymin>
            <xmax>1439.577</xmax>
            <ymax>308.9861</ymax>
        </bndbox>
    </object>    <object>
        <name>car</name>
        <pose>Unspecified</pose>
        <truncated>0</truncated>
        <difficult>0</difficult>
        <bndbox>
            <xmin>1080.461</xmin>
            <ymin>522.7685</ymin>
            <xmax>1141.934</xmax>
            <ymax>574.7552</ymax>
        </bndbox>
    </object>    <object>
        <name>car</name>
        <pose>Unspecified</pose>
        <truncated>0</truncated>
        <difficult>0</difficult>
        <bndbox>
            <xmin>714.8058</xmin>
            <ymin>825.82556</ymin>
            <xmax>863.9336</xmax>
            <ymax>938.2479</ymax>
        </bndbox>
    </object>    <object>
        <name>car</name>
        <pose>Unspecified</pose>
        <truncated>0</truncated>
        <difficult>0</difficult>
        <bndbox>
            <xmin>1212.3452</xmin>
            <ymin>487.817</ymin>
            <xmax>1268.6243</xmax>
            <ymax>535.6518</ymax>
        </bndbox>
    </object>    <object>
        <name>car</name>
        <pose>Unspecified</pose>
        <truncated>0</truncated>
        <difficult>0</difficult>
        <bndbox>
            <xmin>1341.088</xmin>
            <ymin>334.8486</ymin>
            <xmax>1369.0302</xmax>
            <ymax>363.67368</ymax>
        </bndbox>
    </object>    <object>
        <name>car</name>
        <pose>Unspecified</pose>
        <truncated>0</truncated>
        <difficult>0</difficult>
        <bndbox>
            <xmin>888.0133</xmin>
            <ymin>363.3802</ymin>
            <xmax>941.54846</xmax>
            <ymax>403.84344</ymax>
        </bndbox>
    </object>    <object>
        <name>car</name>
        <pose>Unspecified</pose>
        <truncated>0</truncated>
        <difficult>0</difficult>
        <bndbox>
            <xmin>174.73814</xmin>
            <ymin>657.2744</ymin>
            <xmax>315.16278</xmax>
            <ymax>742.8291</ymax>
        </bndbox>
    </object>    <object>
        <name>car</name>
        <pose>Unspecified</pose>
        <truncated>0</truncated>
        <difficult>0</difficult>
        <bndbox>
            <xmin>1205.2185</xmin>
            <ymin>176.69754</ymin>
            <xmax>1222.6941</xmax>
            <ymax>189.60654</ymax>
        </bndbox>
    </object>
</annotation>
