<annotation>
    <folder>JPEGImages</folder>
    <filename>2019-12-28_13_45_01_camera_145.jpg</filename>
    <path>/content/gdrive/My Drive/Colab Notebooks/traffic_density_dnn/automl/efficientdet/data/ohgo_cam_test/cam_145/JPEGImages/2019-12-28_13_45_01_camera_145.jpg</path>
    <source>
        <database>Unknown</database>
    </source>
    <size>
        <width>1920</width>
        <height>1080</height>
        <depth>3</depth>
    </size>
    <segmented>0</segmented>
    <object>
        <name>car</name>
        <pose>Unspecified</pose>
        <truncated>0</truncated>
        <difficult>0</difficult>
        <bndbox>
            <xmin>806.76624</xmin>
            <ymin>342.63358</ymin>
            <xmax>845.4015</xmax>
            <ymax>369.08517</ymax>
        </bndbox>
    </object>    <object>
        <name>car</name>
        <pose>Unspecified</pose>
        <truncated>0</truncated>
        <difficult>0</difficult>
        <bndbox>
            <xmin>1224.095</xmin>
            <ymin>612.0335</ymin>
            <xmax>1304.1387</xmax>
            <ymax>681.4018</ymax>
        </bndbox>
    </object>    <object>
        <name>car</name>
        <pose>Unspecified</pose>
        <truncated>0</truncated>
        <difficult>0</difficult>
        <bndbox>
            <xmin>1190.0862</xmin>
            <ymin>887.3024</ymin>
            <xmax>1323.602</xmax>
            <ymax>1025.7444</ymax>
        </bndbox>
    </object>    <object>
        <name>car</name>
        <pose>Unspecified</pose>
        <truncated>0</truncated>
        <difficult>0</difficult>
        <bndbox>
            <xmin>1171.2769</xmin>
            <ymin>415.97745</ymin>
            <xmax>1212.1914</xmax>
            <ymax>452.31473</ymax>
        </bndbox>
    </object>    <object>
        <name>car</name>
        <pose>Unspecified</pose>
        <truncated>0</truncated>
        <difficult>0</difficult>
        <bndbox>
            <xmin>1253.2568</xmin>
            <ymin>405.45935</ymin>
            <xmax>1295.2971</xmax>
            <ymax>447.23523</ymax>
        </bndbox>
    </object>    <object>
        <name>car</name>
        <pose>Unspecified</pose>
        <truncated>0</truncated>
        <difficult>0</difficult>
        <bndbox>
            <xmin>339.9126</xmin>
            <ymin>597.8714</ymin>
            <xmax>458.43896</xmax>
            <ymax>675.2686</ymax>
        </bndbox>
    </object>    <object>
        <name>car</name>
        <pose>Unspecified</pose>
        <truncated>0</truncated>
        <difficult>0</difficult>
        <bndbox>
            <xmin>1186.346</xmin>
            <ymin>160.99776</ymin>
            <xmax>1200.4231</xmax>
            <ymax>171.2098</ymax>
        </bndbox>
    </object>
</annotation>
