<annotation>
    <folder>JPEGImages</folder>
    <filename>2019-12-29_15_50_02_camera_145.jpg</filename>
    <path>/content/gdrive/My Drive/Colab Notebooks/traffic_density_dnn/automl/efficientdet/data/ohgo_cam_test/cam_145/JPEGImages/2019-12-29_15_50_02_camera_145.jpg</path>
    <source>
        <database>Unknown</database>
    </source>
    <size>
        <width>1920</width>
        <height>1080</height>
        <depth>3</depth>
    </size>
    <segmented>0</segmented>
    <object>
        <name>car</name>
        <pose>Unspecified</pose>
        <truncated>0</truncated>
        <difficult>0</difficult>
        <bndbox>
            <xmin>794.96356</xmin>
            <ymin>473.77475</ymin>
            <xmax>865.82965</xmax>
            <ymax>526.74</ymax>
        </bndbox>
    </object>    <object>
        <name>car</name>
        <pose>Unspecified</pose>
        <truncated>0</truncated>
        <difficult>0</difficult>
        <bndbox>
            <xmin>142.19272</xmin>
            <ymin>785.21643</ymin>
            <xmax>315.64938</xmax>
            <ymax>903.7295</ymax>
        </bndbox>
    </object>    <object>
        <name>car</name>
        <pose>Unspecified</pose>
        <truncated>0</truncated>
        <difficult>0</difficult>
        <bndbox>
            <xmin>595.4358</xmin>
            <ymin>450.6348</ymin>
            <xmax>658.50916</xmax>
            <ymax>494.8087</ymax>
        </bndbox>
    </object>    <object>
        <name>car</name>
        <pose>Unspecified</pose>
        <truncated>0</truncated>
        <difficult>0</difficult>
        <bndbox>
            <xmin>1003.89655</xmin>
            <ymin>727.5049</ymin>
            <xmax>1114.5696</xmax>
            <ymax>814.75586</ymax>
        </bndbox>
    </object>    <object>
        <name>car</name>
        <pose>Unspecified</pose>
        <truncated>0</truncated>
        <difficult>0</difficult>
        <bndbox>
            <xmin>736.4694</xmin>
            <ymin>378.5862</ymin>
            <xmax>783.5671</xmax>
            <ymax>413.1368</ymax>
        </bndbox>
    </object>    <object>
        <name>car</name>
        <pose>Unspecified</pose>
        <truncated>0</truncated>
        <difficult>0</difficult>
        <bndbox>
            <xmin>1052.6239</xmin>
            <ymin>162.16205</ymin>
            <xmax>1064.0306</xmax>
            <ymax>171.48953</ymax>
        </bndbox>
    </object>
</annotation>
