<annotation>
    <folder>JPEGImages</folder>
    <filename>2019-12-28_09_35_02_camera_145.jpg</filename>
    <path>/content/gdrive/My Drive/Colab Notebooks/traffic_density_dnn/automl/efficientdet/data/ohgo_cam_test/cam_145/JPEGImages/2019-12-28_09_35_02_camera_145.jpg</path>
    <source>
        <database>Unknown</database>
    </source>
    <size>
        <width>1920</width>
        <height>1080</height>
        <depth>3</depth>
    </size>
    <segmented>0</segmented>
    <object>
        <name>car</name>
        <pose>Unspecified</pose>
        <truncated>0</truncated>
        <difficult>0</difficult>
        <bndbox>
            <xmin>0.45734024</xmin>
            <ymin>823.7275</ymin>
            <xmax>82.897934</xmax>
            <ymax>940.26764</ymax>
        </bndbox>
    </object>    <object>
        <name>car</name>
        <pose>Unspecified</pose>
        <truncated>0</truncated>
        <difficult>0</difficult>
        <bndbox>
            <xmin>1387.2872</xmin>
            <ymin>444.6107</ymin>
            <xmax>1443.0077</xmax>
            <ymax>511.5026</ymax>
        </bndbox>
    </object>    <object>
        <name>car</name>
        <pose>Unspecified</pose>
        <truncated>0</truncated>
        <difficult>0</difficult>
        <bndbox>
            <xmin>1321.861</xmin>
            <ymin>336.4269</ymin>
            <xmax>1359.9865</xmax>
            <ymax>372.88547</ymax>
        </bndbox>
    </object>    <object>
        <name>car</name>
        <pose>Unspecified</pose>
        <truncated>0</truncated>
        <difficult>0</difficult>
        <bndbox>
            <xmin>41.90294</xmin>
            <ymin>391.3949</ymin>
            <xmax>536.8935</xmax>
            <ymax>726.6206</ymax>
        </bndbox>
    </object>    <object>
        <name>car</name>
        <pose>Unspecified</pose>
        <truncated>0</truncated>
        <difficult>0</difficult>
        <bndbox>
            <xmin>1080.7186</xmin>
            <ymin>244.44034</ymin>
            <xmax>1103.715</xmax>
            <ymax>261.6531</ymax>
        </bndbox>
    </object>    <object>
        <name>car</name>
        <pose>Unspecified</pose>
        <truncated>0</truncated>
        <difficult>0</difficult>
        <bndbox>
            <xmin>663.79675</xmin>
            <ymin>420.7096</ymin>
            <xmax>722.845</xmax>
            <ymax>460.97064</ymax>
        </bndbox>
    </object>    <object>
        <name>car</name>
        <pose>Unspecified</pose>
        <truncated>0</truncated>
        <difficult>0</difficult>
        <bndbox>
            <xmin>1261.1888</xmin>
            <ymin>234.34175</ymin>
            <xmax>1287.2655</xmax>
            <ymax>255.80229</ymax>
        </bndbox>
    </object>
</annotation>
