<annotation>
    <folder>JPEGImages</folder>
    <filename>2019-12-30_15_20_01_camera_145.jpg</filename>
    <path>/content/gdrive/My Drive/Colab Notebooks/traffic_density_dnn/automl/efficientdet/data/ohgo_cam_test/cam_145/JPEGImages/2019-12-30_15_20_01_camera_145.jpg</path>
    <source>
        <database>Unknown</database>
    </source>
    <size>
        <width>1920</width>
        <height>1080</height>
        <depth>3</depth>
    </size>
    <segmented>0</segmented>
    <object>
        <name>car</name>
        <pose>Unspecified</pose>
        <truncated>0</truncated>
        <difficult>0</difficult>
        <bndbox>
            <xmin>681.7352</xmin>
            <ymin>535.5609</ymin>
            <xmax>771.21375</xmax>
            <ymax>595.95325</ymax>
        </bndbox>
    </object>    <object>
        <name>car</name>
        <pose>Unspecified</pose>
        <truncated>0</truncated>
        <difficult>0</difficult>
        <bndbox>
            <xmin>334.1443</xmin>
            <ymin>639.1308</ymin>
            <xmax>472.10742</xmax>
            <ymax>729.80096</ymax>
        </bndbox>
    </object>    <object>
        <name>car</name>
        <pose>Unspecified</pose>
        <truncated>0</truncated>
        <difficult>0</difficult>
        <bndbox>
            <xmin>1335.6635</xmin>
            <ymin>345.09018</ymin>
            <xmax>1367.2113</xmax>
            <ymax>379.5964</ymax>
        </bndbox>
    </object>    <object>
        <name>car</name>
        <pose>Unspecified</pose>
        <truncated>0</truncated>
        <difficult>0</difficult>
        <bndbox>
            <xmin>1165.5004</xmin>
            <ymin>544.9329</ymin>
            <xmax>1231.1049</xmax>
            <ymax>599.4371</ymax>
        </bndbox>
    </object>    <object>
        <name>car</name>
        <pose>Unspecified</pose>
        <truncated>0</truncated>
        <difficult>0</difficult>
        <bndbox>
            <xmin>1029.6754</xmin>
            <ymin>288.4789</ymin>
            <xmax>1061.475</xmax>
            <ymax>313.1169</ymax>
        </bndbox>
    </object>    <object>
        <name>car</name>
        <pose>Unspecified</pose>
        <truncated>0</truncated>
        <difficult>0</difficult>
        <bndbox>
            <xmin>454.1219</xmin>
            <ymin>553.9532</ymin>
            <xmax>554.13885</xmax>
            <ymax>613.8232</ymax>
        </bndbox>
    </object>    <object>
        <name>car</name>
        <pose>Unspecified</pose>
        <truncated>0</truncated>
        <difficult>0</difficult>
        <bndbox>
            <xmin>1089.9355</xmin>
            <ymin>503.21075</ymin>
            <xmax>1145.5471</xmax>
            <ymax>549.4023</ymax>
        </bndbox>
    </object>    <object>
        <name>car</name>
        <pose>Unspecified</pose>
        <truncated>0</truncated>
        <difficult>0</difficult>
        <bndbox>
            <xmin>1055.5775</xmin>
            <ymin>204.20087</ymin>
            <xmax>1076.4899</xmax>
            <ymax>221.86258</ymax>
        </bndbox>
    </object>    <object>
        <name>car</name>
        <pose>Unspecified</pose>
        <truncated>0</truncated>
        <difficult>0</difficult>
        <bndbox>
            <xmin>1208.7606</xmin>
            <ymin>175.80147</ymin>
            <xmax>1222.7352</xmax>
            <ymax>186.16292</ymax>
        </bndbox>
    </object>
</annotation>
