<annotation>
    <folder>JPEGImages</folder>
    <filename>2019-12-28_14_40_02_camera_145.jpg</filename>
    <path>/content/gdrive/My Drive/Colab Notebooks/traffic_density_dnn/automl/efficientdet/data/ohgo_cam_test/cam_145/JPEGImages/2019-12-28_14_40_02_camera_145.jpg</path>
    <source>
        <database>Unknown</database>
    </source>
    <size>
        <width>1920</width>
        <height>1080</height>
        <depth>3</depth>
    </size>
    <segmented>0</segmented>
    <object>
        <name>car</name>
        <pose>Unspecified</pose>
        <truncated>0</truncated>
        <difficult>0</difficult>
        <bndbox>
            <xmin>19.452332</xmin>
            <ymin>698.6848</ymin>
            <xmax>167.2644</xmax>
            <ymax>791.22754</ymax>
        </bndbox>
    </object>    <object>
        <name>car</name>
        <pose>Unspecified</pose>
        <truncated>0</truncated>
        <difficult>0</difficult>
        <bndbox>
            <xmin>1217.4897</xmin>
            <ymin>379.14743</ymin>
            <xmax>1255.3713</xmax>
            <ymax>415.2526</ymax>
        </bndbox>
    </object>    <object>
        <name>car</name>
        <pose>Unspecified</pose>
        <truncated>0</truncated>
        <difficult>0</difficult>
        <bndbox>
            <xmin>1198.4553</xmin>
            <ymin>637.4611</ymin>
            <xmax>1281.8735</xmax>
            <ymax>713.50653</ymax>
        </bndbox>
    </object>    <object>
        <name>car</name>
        <pose>Unspecified</pose>
        <truncated>0</truncated>
        <difficult>0</difficult>
        <bndbox>
            <xmin>1279.2245</xmin>
            <ymin>347.4022</ymin>
            <xmax>1307.7262</xmax>
            <ymax>374.3729</ymax>
        </bndbox>
    </object>    <object>
        <name>car</name>
        <pose>Unspecified</pose>
        <truncated>0</truncated>
        <difficult>0</difficult>
        <bndbox>
            <xmin>594.9661</xmin>
            <ymin>530.0154</ymin>
            <xmax>692.49225</xmax>
            <ymax>598.56006</ymax>
        </bndbox>
    </object>    <object>
        <name>car</name>
        <pose>Unspecified</pose>
        <truncated>0</truncated>
        <difficult>0</difficult>
        <bndbox>
            <xmin>1327.1682</xmin>
            <ymin>274.48294</ymin>
            <xmax>1354.2803</xmax>
            <ymax>298.71555</ymax>
        </bndbox>
    </object>    <object>
        <name>car</name>
        <pose>Unspecified</pose>
        <truncated>0</truncated>
        <difficult>0</difficult>
        <bndbox>
            <xmin>1278.6025</xmin>
            <ymin>303.51428</ymin>
            <xmax>1304.2615</xmax>
            <ymax>328.08203</ymax>
        </bndbox>
    </object>    <object>
        <name>car</name>
        <pose>Unspecified</pose>
        <truncated>0</truncated>
        <difficult>0</difficult>
        <bndbox>
            <xmin>1152.113</xmin>
            <ymin>144.9187</ymin>
            <xmax>1165.353</xmax>
            <ymax>155.43677</ymax>
        </bndbox>
    </object>    <object>
        <name>car</name>
        <pose>Unspecified</pose>
        <truncated>0</truncated>
        <difficult>0</difficult>
        <bndbox>
            <xmin>1218.9702</xmin>
            <ymin>308.58496</ymin>
            <xmax>1244.1179</xmax>
            <ymax>336.67395</ymax>
        </bndbox>
    </object>
</annotation>
