<annotation>
    <folder>JPEGImages</folder>
    <filename>2019-12-30_14_10_01_camera_145.jpg</filename>
    <path>/content/gdrive/My Drive/Colab Notebooks/traffic_density_dnn/automl/efficientdet/data/ohgo_cam_test/cam_145/JPEGImages/2019-12-30_14_10_01_camera_145.jpg</path>
    <source>
        <database>Unknown</database>
    </source>
    <size>
        <width>1920</width>
        <height>1080</height>
        <depth>3</depth>
    </size>
    <segmented>0</segmented>
    <object>
        <name>car</name>
        <pose>Unspecified</pose>
        <truncated>0</truncated>
        <difficult>0</difficult>
        <bndbox>
            <xmin>113.53013</xmin>
            <ymin>735.4969</ymin>
            <xmax>273.69595</xmax>
            <ymax>839.8155</ymax>
        </bndbox>
    </object>    <object>
        <name>car</name>
        <pose>Unspecified</pose>
        <truncated>0</truncated>
        <difficult>0</difficult>
        <bndbox>
            <xmin>415.62335</xmin>
            <ymin>669.11865</ymin>
            <xmax>548.45844</xmax>
            <ymax>755.27954</ymax>
        </bndbox>
    </object>    <object>
        <name>car</name>
        <pose>Unspecified</pose>
        <truncated>0</truncated>
        <difficult>0</difficult>
        <bndbox>
            <xmin>771.4782</xmin>
            <ymin>783.3554</ymin>
            <xmax>911.42206</xmax>
            <ymax>882.67975</ymax>
        </bndbox>
    </object>    <object>
        <name>car</name>
        <pose>Unspecified</pose>
        <truncated>0</truncated>
        <difficult>0</difficult>
        <bndbox>
            <xmin>220.47531</xmin>
            <ymin>646.0505</ymin>
            <xmax>356.96432</xmax>
            <ymax>724.5068</ymax>
        </bndbox>
    </object>    <object>
        <name>car</name>
        <pose>Unspecified</pose>
        <truncated>0</truncated>
        <difficult>0</difficult>
        <bndbox>
            <xmin>704.2881</xmin>
            <ymin>527.1779</ymin>
            <xmax>784.73047</xmax>
            <ymax>582.6337</ymax>
        </bndbox>
    </object>    <object>
        <name>car</name>
        <pose>Unspecified</pose>
        <truncated>0</truncated>
        <difficult>0</difficult>
        <bndbox>
            <xmin>1332.2177</xmin>
            <ymin>421.2972</ymin>
            <xmax>1378.6827</xmax>
            <ymax>469.0466</ymax>
        </bndbox>
    </object>    <object>
        <name>car</name>
        <pose>Unspecified</pose>
        <truncated>0</truncated>
        <difficult>0</difficult>
        <bndbox>
            <xmin>1254.641</xmin>
            <ymin>404.3256</ymin>
            <xmax>1295.6837</xmax>
            <ymax>442.77084</ymax>
        </bndbox>
    </object>    <object>
        <name>car</name>
        <pose>Unspecified</pose>
        <truncated>0</truncated>
        <difficult>0</difficult>
        <bndbox>
            <xmin>951.6168</xmin>
            <ymin>372.0727</ymin>
            <xmax>1001.29224</xmax>
            <ymax>417.66406</ymax>
        </bndbox>
    </object>    <object>
        <name>car</name>
        <pose>Unspecified</pose>
        <truncated>0</truncated>
        <difficult>0</difficult>
        <bndbox>
            <xmin>725.7184</xmin>
            <ymin>992.9315</ymin>
            <xmax>911.7644</xmax>
            <ymax>1080.0</ymax>
        </bndbox>
    </object>    <object>
        <name>car</name>
        <pose>Unspecified</pose>
        <truncated>0</truncated>
        <difficult>0</difficult>
        <bndbox>
            <xmin>1134.9104</xmin>
            <ymin>460.6783</ymin>
            <xmax>1185.7029</xmax>
            <ymax>501.62137</ymax>
        </bndbox>
    </object>    <object>
        <name>car</name>
        <pose>Unspecified</pose>
        <truncated>0</truncated>
        <difficult>0</difficult>
        <bndbox>
            <xmin>885.2245</xmin>
            <ymin>378.35114</ymin>
            <xmax>931.68274</xmax>
            <ymax>411.97156</ymax>
        </bndbox>
    </object>    <object>
        <name>car</name>
        <pose>Unspecified</pose>
        <truncated>0</truncated>
        <difficult>0</difficult>
        <bndbox>
            <xmin>737.0956</xmin>
            <ymin>416.02814</ymin>
            <xmax>800.8788</xmax>
            <ymax>459.66034</ymax>
        </bndbox>
    </object>    <object>
        <name>car</name>
        <pose>Unspecified</pose>
        <truncated>0</truncated>
        <difficult>0</difficult>
        <bndbox>
            <xmin>1182.0023</xmin>
            <ymin>161.06903</ymin>
            <xmax>1196.6454</xmax>
            <ymax>172.0149</ymax>
        </bndbox>
    </object>    <object>
        <name>car</name>
        <pose>Unspecified</pose>
        <truncated>0</truncated>
        <difficult>0</difficult>
        <bndbox>
            <xmin>973.84125</xmin>
            <ymin>275.15527</ymin>
            <xmax>1000.6408</xmax>
            <ymax>295.2296</ymax>
        </bndbox>
    </object>    <object>
        <name>car</name>
        <pose>Unspecified</pose>
        <truncated>0</truncated>
        <difficult>0</difficult>
        <bndbox>
            <xmin>1206.6978</xmin>
            <ymin>343.5626</ymin>
            <xmax>1235.8796</xmax>
            <ymax>367.913</ymax>
        </bndbox>
    </object>    <object>
        <name>car</name>
        <pose>Unspecified</pose>
        <truncated>0</truncated>
        <difficult>0</difficult>
        <bndbox>
            <xmin>1279.7327</xmin>
            <ymin>288.7363</ymin>
            <xmax>1306.5327</xmax>
            <ymax>313.42947</ymax>
        </bndbox>
    </object>    <object>
        <name>car</name>
        <pose>Unspecified</pose>
        <truncated>0</truncated>
        <difficult>0</difficult>
        <bndbox>
            <xmin>1039.7157</xmin>
            <ymin>251.76863</ymin>
            <xmax>1065.4901</xmax>
            <ymax>272.77255</ymax>
        </bndbox>
    </object>    <object>
        <name>car</name>
        <pose>Unspecified</pose>
        <truncated>0</truncated>
        <difficult>0</difficult>
        <bndbox>
            <xmin>861.67487</xmin>
            <ymin>303.71533</ymin>
            <xmax>891.1291</xmax>
            <ymax>323.76764</ymax>
        </bndbox>
    </object>
</annotation>
