<annotation>
    <folder>JPEGImages</folder>
    <filename>2019-12-28_10_50_01_camera_145.jpg</filename>
    <path>/content/gdrive/My Drive/Colab Notebooks/traffic_density_dnn/automl/efficientdet/data/ohgo_cam_test/cam_145/JPEGImages/2019-12-28_10_50_01_camera_145.jpg</path>
    <source>
        <database>Unknown</database>
    </source>
    <size>
        <width>1920</width>
        <height>1080</height>
        <depth>3</depth>
    </size>
    <segmented>0</segmented>
    <object>
        <name>car</name>
        <pose>Unspecified</pose>
        <truncated>0</truncated>
        <difficult>0</difficult>
        <bndbox>
            <xmin>1280.6813</xmin>
            <ymin>307.39676</ymin>
            <xmax>1318.0695</xmax>
            <ymax>356.62167</ymax>
        </bndbox>
    </object>    <object>
        <name>car</name>
        <pose>Unspecified</pose>
        <truncated>0</truncated>
        <difficult>0</difficult>
        <bndbox>
            <xmin>7.264229</xmin>
            <ymin>732.92194</ymin>
            <xmax>158.11148</xmax>
            <ymax>830.5621</ymax>
        </bndbox>
    </object>    <object>
        <name>car</name>
        <pose>Unspecified</pose>
        <truncated>0</truncated>
        <difficult>0</difficult>
        <bndbox>
            <xmin>456.2857</xmin>
            <ymin>546.5383</ymin>
            <xmax>569.0396</xmax>
            <ymax>617.8878</ymax>
        </bndbox>
    </object>    <object>
        <name>car</name>
        <pose>Unspecified</pose>
        <truncated>0</truncated>
        <difficult>0</difficult>
        <bndbox>
            <xmin>1180.3129</xmin>
            <ymin>402.9082</ymin>
            <xmax>1223.5717</xmax>
            <ymax>439.01678</ymax>
        </bndbox>
    </object>    <object>
        <name>car</name>
        <pose>Unspecified</pose>
        <truncated>0</truncated>
        <difficult>0</difficult>
        <bndbox>
            <xmin>1065.2175</xmin>
            <ymin>252.62236</ymin>
            <xmax>1097.9075</xmax>
            <ymax>285.46277</ymax>
        </bndbox>
    </object>    <object>
        <name>car</name>
        <pose>Unspecified</pose>
        <truncated>0</truncated>
        <difficult>0</difficult>
        <bndbox>
            <xmin>1307.0161</xmin>
            <ymin>430.64798</ymin>
            <xmax>1351.3892</xmax>
            <ymax>472.95425</ymax>
        </bndbox>
    </object>    <object>
        <name>car</name>
        <pose>Unspecified</pose>
        <truncated>0</truncated>
        <difficult>0</difficult>
        <bndbox>
            <xmin>889.49426</xmin>
            <ymin>378.93814</ymin>
            <xmax>935.3511</xmax>
            <ymax>411.5203</ymax>
        </bndbox>
    </object>    <object>
        <name>car</name>
        <pose>Unspecified</pose>
        <truncated>0</truncated>
        <difficult>0</difficult>
        <bndbox>
            <xmin>656.93445</xmin>
            <ymin>455.4421</ymin>
            <xmax>732.422</xmax>
            <ymax>510.07657</ymax>
        </bndbox>
    </object>    <object>
        <name>car</name>
        <pose>Unspecified</pose>
        <truncated>0</truncated>
        <difficult>0</difficult>
        <bndbox>
            <xmin>938.3654</xmin>
            <ymin>758.7463</ymin>
            <xmax>1069.7998</xmax>
            <ymax>864.0373</ymax>
        </bndbox>
    </object>    <object>
        <name>car</name>
        <pose>Unspecified</pose>
        <truncated>0</truncated>
        <difficult>0</difficult>
        <bndbox>
            <xmin>1057.0647</xmin>
            <ymin>189.11925</ymin>
            <xmax>1072.6475</xmax>
            <ymax>202.40474</ymax>
        </bndbox>
    </object>
</annotation>
