<annotation>
    <folder>JPEGImages</folder>
    <filename>2019-12-29_14_45_01_camera_145.jpg</filename>
    <path>/content/gdrive/My Drive/Colab Notebooks/traffic_density_dnn/automl/efficientdet/data/ohgo_cam_test/cam_145/JPEGImages/2019-12-29_14_45_01_camera_145.jpg</path>
    <source>
        <database>Unknown</database>
    </source>
    <size>
        <width>1920</width>
        <height>1080</height>
        <depth>3</depth>
    </size>
    <segmented>0</segmented>
    <object>
        <name>car</name>
        <pose>Unspecified</pose>
        <truncated>0</truncated>
        <difficult>0</difficult>
        <bndbox>
            <xmin>609.16455</xmin>
            <ymin>483.28192</ymin>
            <xmax>683.70105</xmax>
            <ymax>537.15063</ymax>
        </bndbox>
    </object>    <object>
        <name>car</name>
        <pose>Unspecified</pose>
        <truncated>0</truncated>
        <difficult>0</difficult>
        <bndbox>
            <xmin>549.5137</xmin>
            <ymin>589.46063</ymin>
            <xmax>648.2982</xmax>
            <ymax>660.9992</ymax>
        </bndbox>
    </object>    <object>
        <name>car</name>
        <pose>Unspecified</pose>
        <truncated>0</truncated>
        <difficult>0</difficult>
        <bndbox>
            <xmin>1281.9417</xmin>
            <ymin>567.4474</ymin>
            <xmax>1348.0696</xmax>
            <ymax>625.6749</ymax>
        </bndbox>
    </object>    <object>
        <name>car</name>
        <pose>Unspecified</pose>
        <truncated>0</truncated>
        <difficult>0</difficult>
        <bndbox>
            <xmin>932.6564</xmin>
            <ymin>759.1797</ymin>
            <xmax>1070.6407</xmax>
            <ymax>868.15405</ymax>
        </bndbox>
    </object>    <object>
        <name>car</name>
        <pose>Unspecified</pose>
        <truncated>0</truncated>
        <difficult>0</difficult>
        <bndbox>
            <xmin>1345.396</xmin>
            <ymin>371.5811</ymin>
            <xmax>1382.0803</xmax>
            <ymax>407.43234</ymax>
        </bndbox>
    </object>    <object>
        <name>car</name>
        <pose>Unspecified</pose>
        <truncated>0</truncated>
        <difficult>0</difficult>
        <bndbox>
            <xmin>1221.1089</xmin>
            <ymin>337.3275</ymin>
            <xmax>1249.251</xmax>
            <ymax>365.92035</ymax>
        </bndbox>
    </object>    <object>
        <name>car</name>
        <pose>Unspecified</pose>
        <truncated>0</truncated>
        <difficult>0</difficult>
        <bndbox>
            <xmin>1267.8307</xmin>
            <ymin>396.1398</ymin>
            <xmax>1304.2189</xmax>
            <ymax>428.59372</ymax>
        </bndbox>
    </object>
</annotation>
