<annotation>
    <folder>JPEGImages</folder>
    <filename>2019-12-30_10_40_01_camera_145.jpg</filename>
    <path>/content/gdrive/My Drive/Colab Notebooks/traffic_density_dnn/automl/efficientdet/data/ohgo_cam_test/cam_145/JPEGImages/2019-12-30_10_40_01_camera_145.jpg</path>
    <source>
        <database>Unknown</database>
    </source>
    <size>
        <width>1920</width>
        <height>1080</height>
        <depth>3</depth>
    </size>
    <segmented>0</segmented>
    <object>
        <name>car</name>
        <pose>Unspecified</pose>
        <truncated>0</truncated>
        <difficult>0</difficult>
        <bndbox>
            <xmin>1324.9093</xmin>
            <ymin>422.16574</ymin>
            <xmax>1376.0768</xmax>
            <ymax>484.51602</ymax>
        </bndbox>
    </object>    <object>
        <name>car</name>
        <pose>Unspecified</pose>
        <truncated>0</truncated>
        <difficult>0</difficult>
        <bndbox>
            <xmin>703.345</xmin>
            <ymin>464.674</ymin>
            <xmax>792.51416</xmax>
            <ymax>526.0364</ymax>
        </bndbox>
    </object>    <object>
        <name>car</name>
        <pose>Unspecified</pose>
        <truncated>0</truncated>
        <difficult>0</difficult>
        <bndbox>
            <xmin>1157.1956</xmin>
            <ymin>537.8627</ymin>
            <xmax>1220.7573</xmax>
            <ymax>591.4597</ymax>
        </bndbox>
    </object>    <object>
        <name>car</name>
        <pose>Unspecified</pose>
        <truncated>0</truncated>
        <difficult>0</difficult>
        <bndbox>
            <xmin>1269.9608</xmin>
            <ymin>348.6917</ymin>
            <xmax>1305.9098</xmax>
            <ymax>387.0653</ymax>
        </bndbox>
    </object>    <object>
        <name>car</name>
        <pose>Unspecified</pose>
        <truncated>0</truncated>
        <difficult>0</difficult>
        <bndbox>
            <xmin>1161.9219</xmin>
            <ymin>423.95047</ymin>
            <xmax>1208.904</xmax>
            <ymax>467.76657</ymax>
        </bndbox>
    </object>    <object>
        <name>car</name>
        <pose>Unspecified</pose>
        <truncated>0</truncated>
        <difficult>0</difficult>
        <bndbox>
            <xmin>830.3975</xmin>
            <ymin>363.37726</ymin>
            <xmax>884.4947</xmax>
            <ymax>406.10474</ymax>
        </bndbox>
    </object>    <object>
        <name>car</name>
        <pose>Unspecified</pose>
        <truncated>0</truncated>
        <difficult>0</difficult>
        <bndbox>
            <xmin>346.2737</xmin>
            <ymin>586.8991</ymin>
            <xmax>459.14365</xmax>
            <ymax>664.7498</ymax>
        </bndbox>
    </object>    <object>
        <name>car</name>
        <pose>Unspecified</pose>
        <truncated>0</truncated>
        <difficult>0</difficult>
        <bndbox>
            <xmin>1219.8506</xmin>
            <ymin>335.52786</ymin>
            <xmax>1248.4463</xmax>
            <ymax>359.18875</ymax>
        </bndbox>
    </object>    <object>
        <name>car</name>
        <pose>Unspecified</pose>
        <truncated>0</truncated>
        <difficult>0</difficult>
        <bndbox>
            <xmin>434.7891</xmin>
            <ymin>983.94934</ymin>
            <xmax>660.6972</xmax>
            <ymax>1080.0</ymax>
        </bndbox>
    </object>
</annotation>
