<annotation>
    <folder>JPEGImages</folder>
    <filename>2019-12-31_12_10_01_camera_145.jpg</filename>
    <path>/content/gdrive/My Drive/Colab Notebooks/traffic_density_dnn/automl/efficientdet/data/ohgo_cam_test/cam_145/JPEGImages/2019-12-31_12_10_01_camera_145.jpg</path>
    <source>
        <database>Unknown</database>
    </source>
    <size>
        <width>1920</width>
        <height>1080</height>
        <depth>3</depth>
    </size>
    <segmented>0</segmented>
    <object>
        <name>car</name>
        <pose>Unspecified</pose>
        <truncated>0</truncated>
        <difficult>0</difficult>
        <bndbox>
            <xmin>1221.1417</xmin>
            <ymin>612.9383</ymin>
            <xmax>1304.277</xmax>
            <ymax>690.6098</ymax>
        </bndbox>
    </object>    <object>
        <name>car</name>
        <pose>Unspecified</pose>
        <truncated>0</truncated>
        <difficult>0</difficult>
        <bndbox>
            <xmin>1340.8322</xmin>
            <ymin>324.3246</ymin>
            <xmax>1372.39</xmax>
            <ymax>359.16827</ymax>
        </bndbox>
    </object>    <object>
        <name>car</name>
        <pose>Unspecified</pose>
        <truncated>0</truncated>
        <difficult>0</difficult>
        <bndbox>
            <xmin>1005.6327</xmin>
            <ymin>297.1017</ymin>
            <xmax>1033.4668</xmax>
            <ymax>322.22177</ymax>
        </bndbox>
    </object>    <object>
        <name>car</name>
        <pose>Unspecified</pose>
        <truncated>0</truncated>
        <difficult>0</difficult>
        <bndbox>
            <xmin>782.1489</xmin>
            <ymin>386.0286</ymin>
            <xmax>843.7046</xmax>
            <ymax>440.18442</ymax>
        </bndbox>
    </object>    <object>
        <name>car</name>
        <pose>Unspecified</pose>
        <truncated>0</truncated>
        <difficult>0</difficult>
        <bndbox>
            <xmin>1261.2125</xmin>
            <ymin>339.86838</ymin>
            <xmax>1300.3412</xmax>
            <ymax>378.57712</ymax>
        </bndbox>
    </object>    <object>
        <name>car</name>
        <pose>Unspecified</pose>
        <truncated>0</truncated>
        <difficult>0</difficult>
        <bndbox>
            <xmin>956.2256</xmin>
            <ymin>359.9643</ymin>
            <xmax>999.4436</xmax>
            <ymax>398.0838</ymax>
        </bndbox>
    </object>    <object>
        <name>car</name>
        <pose>Unspecified</pose>
        <truncated>0</truncated>
        <difficult>0</difficult>
        <bndbox>
            <xmin>1320.5251</xmin>
            <ymin>436.9772</ymin>
            <xmax>1361.8364</xmax>
            <ymax>480.45517</ymax>
        </bndbox>
    </object>    <object>
        <name>car</name>
        <pose>Unspecified</pose>
        <truncated>0</truncated>
        <difficult>0</difficult>
        <bndbox>
            <xmin>1272.1003</xmin>
            <ymin>286.73508</ymin>
            <xmax>1298.4941</xmax>
            <ymax>313.00735</ymax>
        </bndbox>
    </object>    <object>
        <name>car</name>
        <pose>Unspecified</pose>
        <truncated>0</truncated>
        <difficult>0</difficult>
        <bndbox>
            <xmin>1125.2781</xmin>
            <ymin>575.2689</ymin>
            <xmax>1204.8723</xmax>
            <ymax>639.1598</ymax>
        </bndbox>
    </object>    <object>
        <name>car</name>
        <pose>Unspecified</pose>
        <truncated>0</truncated>
        <difficult>0</difficult>
        <bndbox>
            <xmin>0.0</xmin>
            <ymin>801.67004</ymin>
            <xmax>138.69843</xmax>
            <ymax>921.1312</ymax>
        </bndbox>
    </object>    <object>
        <name>car</name>
        <pose>Unspecified</pose>
        <truncated>0</truncated>
        <difficult>0</difficult>
        <bndbox>
            <xmin>1013.92554</xmin>
            <ymin>271.98248</ymin>
            <xmax>1041.3584</xmax>
            <ymax>293.2406</ymax>
        </bndbox>
    </object>    <object>
        <name>car</name>
        <pose>Unspecified</pose>
        <truncated>0</truncated>
        <difficult>0</difficult>
        <bndbox>
            <xmin>1188.2087</xmin>
            <ymin>397.213</ymin>
            <xmax>1225.1111</xmax>
            <ymax>429.20404</ymax>
        </bndbox>
    </object>    <object>
        <name>car</name>
        <pose>Unspecified</pose>
        <truncated>0</truncated>
        <difficult>0</difficult>
        <bndbox>
            <xmin>1181.4749</xmin>
            <ymin>183.87596</ymin>
            <xmax>1196.8516</xmax>
            <ymax>196.14073</ymax>
        </bndbox>
    </object>    <object>
        <name>car</name>
        <pose>Unspecified</pose>
        <truncated>0</truncated>
        <difficult>0</difficult>
        <bndbox>
            <xmin>1078.5852</xmin>
            <ymin>259.04208</ymin>
            <xmax>1102.7817</xmax>
            <ymax>283.25217</ymax>
        </bndbox>
    </object>    <object>
        <name>car</name>
        <pose>Unspecified</pose>
        <truncated>0</truncated>
        <difficult>0</difficult>
        <bndbox>
            <xmin>1089.368</xmin>
            <ymin>221.76604</ymin>
            <xmax>1108.8942</xmax>
            <ymax>237.22005</ymax>
        </bndbox>
    </object>    <object>
        <name>car</name>
        <pose>Unspecified</pose>
        <truncated>0</truncated>
        <difficult>0</difficult>
        <bndbox>
            <xmin>1045.7964</xmin>
            <ymin>236.3712</ymin>
            <xmax>1064.2603</xmax>
            <ymax>250.78157</ymax>
        </bndbox>
    </object>    <object>
        <name>car</name>
        <pose>Unspecified</pose>
        <truncated>0</truncated>
        <difficult>0</difficult>
        <bndbox>
            <xmin>1171.661</xmin>
            <ymin>150.18753</ymin>
            <xmax>1183.7042</xmax>
            <ymax>159.86581</ymax>
        </bndbox>
    </object>
</annotation>
