<annotation>
    <folder>JPEGImages</folder>
    <filename>2019-12-29_12_40_01_camera_145.jpg</filename>
    <path>/content/gdrive/My Drive/Colab Notebooks/traffic_density_dnn/automl/efficientdet/data/ohgo_cam_test/cam_145/JPEGImages/2019-12-29_12_40_01_camera_145.jpg</path>
    <source>
        <database>Unknown</database>
    </source>
    <size>
        <width>1920</width>
        <height>1080</height>
        <depth>3</depth>
    </size>
    <segmented>0</segmented>
    <object>
        <name>car</name>
        <pose>Unspecified</pose>
        <truncated>0</truncated>
        <difficult>0</difficult>
        <bndbox>
            <xmin>787.77405</xmin>
            <ymin>436.18726</ymin>
            <xmax>848.2999</xmax>
            <ymax>490.21716</ymax>
        </bndbox>
    </object>    <object>
        <name>car</name>
        <pose>Unspecified</pose>
        <truncated>0</truncated>
        <difficult>0</difficult>
        <bndbox>
            <xmin>714.7135</xmin>
            <ymin>505.81723</ymin>
            <xmax>800.0823</xmax>
            <ymax>570.16504</ymax>
        </bndbox>
    </object>    <object>
        <name>car</name>
        <pose>Unspecified</pose>
        <truncated>0</truncated>
        <difficult>0</difficult>
        <bndbox>
            <xmin>560.9688</xmin>
            <ymin>906.8507</ymin>
            <xmax>760.40265</xmax>
            <ymax>1052.7898</ymax>
        </bndbox>
    </object>    <object>
        <name>car</name>
        <pose>Unspecified</pose>
        <truncated>0</truncated>
        <difficult>0</difficult>
        <bndbox>
            <xmin>161.45201</xmin>
            <ymin>760.4473</ymin>
            <xmax>354.24683</xmax>
            <ymax>889.884</ymax>
        </bndbox>
    </object>    <object>
        <name>car</name>
        <pose>Unspecified</pose>
        <truncated>0</truncated>
        <difficult>0</difficult>
        <bndbox>
            <xmin>1261.7238</xmin>
            <ymin>388.275</ymin>
            <xmax>1302.3021</xmax>
            <ymax>428.4094</ymax>
        </bndbox>
    </object>    <object>
        <name>car</name>
        <pose>Unspecified</pose>
        <truncated>0</truncated>
        <difficult>0</difficult>
        <bndbox>
            <xmin>1055.5657</xmin>
            <ymin>167.1448</ymin>
            <xmax>1070.6763</xmax>
            <ymax>179.52063</ymax>
        </bndbox>
    </object>    <object>
        <name>car</name>
        <pose>Unspecified</pose>
        <truncated>0</truncated>
        <difficult>0</difficult>
        <bndbox>
            <xmin>200.47797</xmin>
            <ymin>611.9978</ymin>
            <xmax>322.5061</xmax>
            <ymax>686.7495</ymax>
        </bndbox>
    </object>    <object>
        <name>car</name>
        <pose>Unspecified</pose>
        <truncated>0</truncated>
        <difficult>0</difficult>
        <bndbox>
            <xmin>827.2886</xmin>
            <ymin>370.0494</ymin>
            <xmax>872.8705</xmax>
            <ymax>414.69315</ymax>
        </bndbox>
    </object>    <object>
        <name>car</name>
        <pose>Unspecified</pose>
        <truncated>0</truncated>
        <difficult>0</difficult>
        <bndbox>
            <xmin>1208.5243</xmin>
            <ymin>350.49512</ymin>
            <xmax>1241.4215</xmax>
            <ymax>382.22015</ymax>
        </bndbox>
    </object>    <object>
        <name>car</name>
        <pose>Unspecified</pose>
        <truncated>0</truncated>
        <difficult>0</difficult>
        <bndbox>
            <xmin>1024.197</xmin>
            <ymin>273.41327</ymin>
            <xmax>1048.4202</xmax>
            <ymax>298.27234</ymax>
        </bndbox>
    </object>
</annotation>
