<annotation>
    <folder>JPEGImages</folder>
    <filename>2019-12-29_14_55_01_camera_145.jpg</filename>
    <path>/content/gdrive/My Drive/Colab Notebooks/traffic_density_dnn/automl/efficientdet/data/ohgo_cam_test/cam_145/JPEGImages/2019-12-29_14_55_01_camera_145.jpg</path>
    <source>
        <database>Unknown</database>
    </source>
    <size>
        <width>1920</width>
        <height>1080</height>
        <depth>3</depth>
    </size>
    <segmented>0</segmented>
    <object>
        <name>car</name>
        <pose>Unspecified</pose>
        <truncated>0</truncated>
        <difficult>0</difficult>
        <bndbox>
            <xmin>932.42914</xmin>
            <ymin>287.7279</ymin>
            <xmax>975.112</xmax>
            <ymax>330.74097</ymax>
        </bndbox>
    </object>    <object>
        <name>car</name>
        <pose>Unspecified</pose>
        <truncated>0</truncated>
        <difficult>0</difficult>
        <bndbox>
            <xmin>631.9114</xmin>
            <ymin>472.1816</ymin>
            <xmax>706.2427</xmax>
            <ymax>526.242</ymax>
        </bndbox>
    </object>    <object>
        <name>car</name>
        <pose>Unspecified</pose>
        <truncated>0</truncated>
        <difficult>0</difficult>
        <bndbox>
            <xmin>267.3338</xmin>
            <ymin>671.15137</ymin>
            <xmax>493.40424</xmax>
            <ymax>778.3113</ymax>
        </bndbox>
    </object>    <object>
        <name>car</name>
        <pose>Unspecified</pose>
        <truncated>0</truncated>
        <difficult>0</difficult>
        <bndbox>
            <xmin>943.7618</xmin>
            <ymin>334.861</ymin>
            <xmax>983.03156</xmax>
            <ymax>368.78818</ymax>
        </bndbox>
    </object>    <object>
        <name>car</name>
        <pose>Unspecified</pose>
        <truncated>0</truncated>
        <difficult>0</difficult>
        <bndbox>
            <xmin>1257.5376</xmin>
            <ymin>356.9503</ymin>
            <xmax>1298.1987</xmax>
            <ymax>399.50095</ymax>
        </bndbox>
    </object>    <object>
        <name>car</name>
        <pose>Unspecified</pose>
        <truncated>0</truncated>
        <difficult>0</difficult>
        <bndbox>
            <xmin>987.29144</xmin>
            <ymin>603.9709</ymin>
            <xmax>1076.8938</xmax>
            <ymax>672.48456</ymax>
        </bndbox>
    </object>    <object>
        <name>car</name>
        <pose>Unspecified</pose>
        <truncated>0</truncated>
        <difficult>0</difficult>
        <bndbox>
            <xmin>1244.7886</xmin>
            <ymin>221.57823</ymin>
            <xmax>1262.8406</xmax>
            <ymax>235.80034</ymax>
        </bndbox>
    </object>    <object>
        <name>car</name>
        <pose>Unspecified</pose>
        <truncated>0</truncated>
        <difficult>0</difficult>
        <bndbox>
            <xmin>1160.6814</xmin>
            <ymin>161.80234</ymin>
            <xmax>1173.103</xmax>
            <ymax>171.28357</ymax>
        </bndbox>
    </object>
</annotation>
