<annotation>
    <folder>JPEGImages</folder>
    <filename>2019-12-30_12_00_01_camera_145.jpg</filename>
    <path>/content/gdrive/My Drive/Colab Notebooks/traffic_density_dnn/automl/efficientdet/data/ohgo_cam_test/cam_145/JPEGImages/2019-12-30_12_00_01_camera_145.jpg</path>
    <source>
        <database>Unknown</database>
    </source>
    <size>
        <width>1920</width>
        <height>1080</height>
        <depth>3</depth>
    </size>
    <segmented>0</segmented>
    <object>
        <name>car</name>
        <pose>Unspecified</pose>
        <truncated>0</truncated>
        <difficult>0</difficult>
        <bndbox>
            <xmin>1003.0442</xmin>
            <ymin>672.1577</ymin>
            <xmax>1244.6313</xmax>
            <ymax>971.03845</ymax>
        </bndbox>
    </object>    <object>
        <name>car</name>
        <pose>Unspecified</pose>
        <truncated>0</truncated>
        <difficult>0</difficult>
        <bndbox>
            <xmin>1271.1877</xmin>
            <ymin>290.3905</ymin>
            <xmax>1302.8469</xmax>
            <ymax>327.6004</ymax>
        </bndbox>
    </object>    <object>
        <name>car</name>
        <pose>Unspecified</pose>
        <truncated>0</truncated>
        <difficult>0</difficult>
        <bndbox>
            <xmin>694.0147</xmin>
            <ymin>921.48016</ymin>
            <xmax>909.63885</xmax>
            <ymax>1080.0</ymax>
        </bndbox>
    </object>    <object>
        <name>car</name>
        <pose>Unspecified</pose>
        <truncated>0</truncated>
        <difficult>0</difficult>
        <bndbox>
            <xmin>1227.1038</xmin>
            <ymin>434.94046</ymin>
            <xmax>1278.6958</xmax>
            <ymax>483.99966</ymax>
        </bndbox>
    </object>    <object>
        <name>car</name>
        <pose>Unspecified</pose>
        <truncated>0</truncated>
        <difficult>0</difficult>
        <bndbox>
            <xmin>1429.326</xmin>
            <ymin>312.1456</ymin>
            <xmax>1457.077</xmax>
            <ymax>337.89774</ymax>
        </bndbox>
    </object>    <object>
        <name>car</name>
        <pose>Unspecified</pose>
        <truncated>0</truncated>
        <difficult>0</difficult>
        <bndbox>
            <xmin>1159.4834</xmin>
            <ymin>144.85947</ymin>
            <xmax>1172.4819</xmax>
            <ymax>155.13916</ymax>
        </bndbox>
    </object>    <object>
        <name>car</name>
        <pose>Unspecified</pose>
        <truncated>0</truncated>
        <difficult>0</difficult>
        <bndbox>
            <xmin>1017.1519</xmin>
            <ymin>277.4885</ymin>
            <xmax>1044.2301</xmax>
            <ymax>301.29495</ymax>
        </bndbox>
    </object>
</annotation>
