<annotation>
    <folder>JPEGImages</folder>
    <filename>2019-12-29_13_55_01_camera_145.jpg</filename>
    <path>/content/gdrive/My Drive/Colab Notebooks/traffic_density_dnn/automl/efficientdet/data/ohgo_cam_test/cam_145/JPEGImages/2019-12-29_13_55_01_camera_145.jpg</path>
    <source>
        <database>Unknown</database>
    </source>
    <size>
        <width>1920</width>
        <height>1080</height>
        <depth>3</depth>
    </size>
    <segmented>0</segmented>
    <object>
        <name>car</name>
        <pose>Unspecified</pose>
        <truncated>0</truncated>
        <difficult>0</difficult>
        <bndbox>
            <xmin>1397.2935</xmin>
            <ymin>329.76596</ymin>
            <xmax>1457.5222</xmax>
            <ymax>414.85587</ymax>
        </bndbox>
    </object>    <object>
        <name>car</name>
        <pose>Unspecified</pose>
        <truncated>0</truncated>
        <difficult>0</difficult>
        <bndbox>
            <xmin>1286.5573</xmin>
            <ymin>504.87094</ymin>
            <xmax>1347.1718</xmax>
            <ymax>567.5357</ymax>
        </bndbox>
    </object>    <object>
        <name>car</name>
        <pose>Unspecified</pose>
        <truncated>0</truncated>
        <difficult>0</difficult>
        <bndbox>
            <xmin>507.41742</xmin>
            <ymin>485.87537</ymin>
            <xmax>587.5722</xmax>
            <ymax>543.56055</ymax>
        </bndbox>
    </object>    <object>
        <name>car</name>
        <pose>Unspecified</pose>
        <truncated>0</truncated>
        <difficult>0</difficult>
        <bndbox>
            <xmin>757.8663</xmin>
            <ymin>442.08273</ymin>
            <xmax>840.72516</xmax>
            <ymax>503.01804</ymax>
        </bndbox>
    </object>    <object>
        <name>car</name>
        <pose>Unspecified</pose>
        <truncated>0</truncated>
        <difficult>0</difficult>
        <bndbox>
            <xmin>189.89642</xmin>
            <ymin>700.0444</ymin>
            <xmax>358.3551</xmax>
            <ymax>816.9631</ymax>
        </bndbox>
    </object>
</annotation>
