<annotation>
    <folder>JPEGImages</folder>
    <filename>2019-12-28_14_05_01_camera_145.jpg</filename>
    <path>/content/gdrive/My Drive/Colab Notebooks/traffic_density_dnn/automl/efficientdet/data/ohgo_cam_test/cam_145/JPEGImages/2019-12-28_14_05_01_camera_145.jpg</path>
    <source>
        <database>Unknown</database>
    </source>
    <size>
        <width>1920</width>
        <height>1080</height>
        <depth>3</depth>
    </size>
    <segmented>0</segmented>
    <object>
        <name>car</name>
        <pose>Unspecified</pose>
        <truncated>0</truncated>
        <difficult>0</difficult>
        <bndbox>
            <xmin>784.43414</xmin>
            <ymin>418.75516</ymin>
            <xmax>858.2111</xmax>
            <ymax>469.5527</ymax>
        </bndbox>
    </object>    <object>
        <name>car</name>
        <pose>Unspecified</pose>
        <truncated>0</truncated>
        <difficult>0</difficult>
        <bndbox>
            <xmin>972.3966</xmin>
            <ymin>744.68823</ymin>
            <xmax>1104.2115</xmax>
            <ymax>855.4868</ymax>
        </bndbox>
    </object>    <object>
        <name>car</name>
        <pose>Unspecified</pose>
        <truncated>0</truncated>
        <difficult>0</difficult>
        <bndbox>
            <xmin>780.1026</xmin>
            <ymin>359.0072</ymin>
            <xmax>822.1734</xmax>
            <ymax>385.89062</ymax>
        </bndbox>
    </object>    <object>
        <name>car</name>
        <pose>Unspecified</pose>
        <truncated>0</truncated>
        <difficult>0</difficult>
        <bndbox>
            <xmin>1204.5537</xmin>
            <ymin>465.9538</ymin>
            <xmax>1270.269</xmax>
            <ymax>526.4537</ymax>
        </bndbox>
    </object>    <object>
        <name>car</name>
        <pose>Unspecified</pose>
        <truncated>0</truncated>
        <difficult>0</difficult>
        <bndbox>
            <xmin>894.43567</xmin>
            <ymin>421.36746</ymin>
            <xmax>947.02795</xmax>
            <ymax>459.6259</ymax>
        </bndbox>
    </object>    <object>
        <name>car</name>
        <pose>Unspecified</pose>
        <truncated>0</truncated>
        <difficult>0</difficult>
        <bndbox>
            <xmin>946.59503</xmin>
            <ymin>320.81018</ymin>
            <xmax>980.38495</xmax>
            <ymax>348.0653</ymax>
        </bndbox>
    </object>    <object>
        <name>car</name>
        <pose>Unspecified</pose>
        <truncated>0</truncated>
        <difficult>0</difficult>
        <bndbox>
            <xmin>0.0</xmin>
            <ymin>826.16284</ymin>
            <xmax>95.56677</xmax>
            <ymax>926.54016</ymax>
        </bndbox>
    </object>    <object>
        <name>car</name>
        <pose>Unspecified</pose>
        <truncated>0</truncated>
        <difficult>0</difficult>
        <bndbox>
            <xmin>1257.5162</xmin>
            <ymin>577.2768</ymin>
            <xmax>1347.9369</xmax>
            <ymax>663.61676</ymax>
        </bndbox>
    </object>    <object>
        <name>car</name>
        <pose>Unspecified</pose>
        <truncated>0</truncated>
        <difficult>0</difficult>
        <bndbox>
            <xmin>1331.5662</xmin>
            <ymin>329.02673</ymin>
            <xmax>1360.3379</xmax>
            <ymax>353.88147</ymax>
        </bndbox>
    </object>    <object>
        <name>car</name>
        <pose>Unspecified</pose>
        <truncated>0</truncated>
        <difficult>0</difficult>
        <bndbox>
            <xmin>1152.834</xmin>
            <ymin>136.72433</ymin>
            <xmax>1165.1709</xmax>
            <ymax>146.4277</ymax>
        </bndbox>
    </object>
</annotation>
