<annotation>
    <folder>JPEGImages</folder>
    <filename>2019-12-30_09_30_01_camera_145.jpg</filename>
    <path>/content/gdrive/My Drive/Colab Notebooks/traffic_density_dnn/automl/efficientdet/data/ohgo_cam_test/cam_145/JPEGImages/2019-12-30_09_30_01_camera_145.jpg</path>
    <source>
        <database>Unknown</database>
    </source>
    <size>
        <width>1920</width>
        <height>1080</height>
        <depth>3</depth>
    </size>
    <segmented>0</segmented>
    <object>
        <name>car</name>
        <pose>Unspecified</pose>
        <truncated>0</truncated>
        <difficult>0</difficult>
        <bndbox>
            <xmin>419.62482</xmin>
            <ymin>570.81586</ymin>
            <xmax>523.9043</xmax>
            <ymax>634.29803</ymax>
        </bndbox>
    </object>    <object>
        <name>car</name>
        <pose>Unspecified</pose>
        <truncated>0</truncated>
        <difficult>0</difficult>
        <bndbox>
            <xmin>189.32709</xmin>
            <ymin>719.18286</ymin>
            <xmax>337.9135</xmax>
            <ymax>805.92737</ymax>
        </bndbox>
    </object>    <object>
        <name>car</name>
        <pose>Unspecified</pose>
        <truncated>0</truncated>
        <difficult>0</difficult>
        <bndbox>
            <xmin>1014.3193</xmin>
            <ymin>213.20027</ymin>
            <xmax>1039.6411</xmax>
            <ymax>241.42867</ymax>
        </bndbox>
    </object>    <object>
        <name>car</name>
        <pose>Unspecified</pose>
        <truncated>0</truncated>
        <difficult>0</difficult>
        <bndbox>
            <xmin>205.66507</xmin>
            <ymin>774.6519</ymin>
            <xmax>350.8856</xmax>
            <ymax>866.024</ymax>
        </bndbox>
    </object>    <object>
        <name>car</name>
        <pose>Unspecified</pose>
        <truncated>0</truncated>
        <difficult>0</difficult>
        <bndbox>
            <xmin>635.9012</xmin>
            <ymin>529.8541</ymin>
            <xmax>743.9251</xmax>
            <ymax>615.41174</ymax>
        </bndbox>
    </object>    <object>
        <name>car</name>
        <pose>Unspecified</pose>
        <truncated>0</truncated>
        <difficult>0</difficult>
        <bndbox>
            <xmin>678.6201</xmin>
            <ymin>463.45956</ymin>
            <xmax>748.98</xmax>
            <ymax>510.8953</ymax>
        </bndbox>
    </object>    <object>
        <name>car</name>
        <pose>Unspecified</pose>
        <truncated>0</truncated>
        <difficult>0</difficult>
        <bndbox>
            <xmin>1269.8094</xmin>
            <ymin>347.81604</ymin>
            <xmax>1301.191</xmax>
            <ymax>378.70837</ymax>
        </bndbox>
    </object>    <object>
        <name>car</name>
        <pose>Unspecified</pose>
        <truncated>0</truncated>
        <difficult>0</difficult>
        <bndbox>
            <xmin>976.5367</xmin>
            <ymin>312.38235</ymin>
            <xmax>1007.794</xmax>
            <ymax>340.83212</ymax>
        </bndbox>
    </object>    <object>
        <name>car</name>
        <pose>Unspecified</pose>
        <truncated>0</truncated>
        <difficult>0</difficult>
        <bndbox>
            <xmin>1195.8029</xmin>
            <ymin>169.16219</ymin>
            <xmax>1211.9408</xmax>
            <ymax>181.109</ymax>
        </bndbox>
    </object>
</annotation>
