<annotation>
    <folder>JPEGImages</folder>
    <filename>2019-12-30_16_00_01_camera_145.jpg</filename>
    <path>/content/gdrive/My Drive/Colab Notebooks/traffic_density_dnn/automl/efficientdet/data/ohgo_cam_test/cam_145/JPEGImages/2019-12-30_16_00_01_camera_145.jpg</path>
    <source>
        <database>Unknown</database>
    </source>
    <size>
        <width>1920</width>
        <height>1080</height>
        <depth>3</depth>
    </size>
    <segmented>0</segmented>
    <object>
        <name>car</name>
        <pose>Unspecified</pose>
        <truncated>0</truncated>
        <difficult>0</difficult>
        <bndbox>
            <xmin>1334.1106</xmin>
            <ymin>372.6718</ymin>
            <xmax>1371.4395</xmax>
            <ymax>411.82483</ymax>
        </bndbox>
    </object>    <object>
        <name>car</name>
        <pose>Unspecified</pose>
        <truncated>0</truncated>
        <difficult>0</difficult>
        <bndbox>
            <xmin>1278.0265</xmin>
            <ymin>323.28857</ymin>
            <xmax>1306.8068</xmax>
            <ymax>350.84198</ymax>
        </bndbox>
    </object>    <object>
        <name>car</name>
        <pose>Unspecified</pose>
        <truncated>0</truncated>
        <difficult>0</difficult>
        <bndbox>
            <xmin>1052.0758</xmin>
            <ymin>833.6956</ymin>
            <xmax>1190.8656</xmax>
            <ymax>969.10504</ymax>
        </bndbox>
    </object>    <object>
        <name>car</name>
        <pose>Unspecified</pose>
        <truncated>0</truncated>
        <difficult>0</difficult>
        <bndbox>
            <xmin>1275.0194</xmin>
            <ymin>277.07828</ymin>
            <xmax>1304.7184</xmax>
            <ymax>306.8588</ymax>
        </bndbox>
    </object>    <object>
        <name>car</name>
        <pose>Unspecified</pose>
        <truncated>0</truncated>
        <difficult>0</difficult>
        <bndbox>
            <xmin>1226.1934</xmin>
            <ymin>414.14465</ymin>
            <xmax>1270.2988</xmax>
            <ymax>460.15894</ymax>
        </bndbox>
    </object>    <object>
        <name>car</name>
        <pose>Unspecified</pose>
        <truncated>0</truncated>
        <difficult>0</difficult>
        <bndbox>
            <xmin>851.95233</xmin>
            <ymin>362.92963</ymin>
            <xmax>896.43805</xmax>
            <ymax>394.5208</ymax>
        </bndbox>
    </object>    <object>
        <name>car</name>
        <pose>Unspecified</pose>
        <truncated>0</truncated>
        <difficult>0</difficult>
        <bndbox>
            <xmin>1094.4213</xmin>
            <ymin>573.72235</ymin>
            <xmax>1188.361</xmax>
            <ymax>659.93</ymax>
        </bndbox>
    </object>    <object>
        <name>car</name>
        <pose>Unspecified</pose>
        <truncated>0</truncated>
        <difficult>0</difficult>
        <bndbox>
            <xmin>362.69717</xmin>
            <ymin>583.3335</ymin>
            <xmax>483.4086</xmax>
            <ymax>661.3779</ymax>
        </bndbox>
    </object>    <object>
        <name>car</name>
        <pose>Unspecified</pose>
        <truncated>0</truncated>
        <difficult>0</difficult>
        <bndbox>
            <xmin>1220.8068</xmin>
            <ymin>235.58942</ymin>
            <xmax>1240.7218</xmax>
            <ymax>253.24124</ymax>
        </bndbox>
    </object>
</annotation>
