<annotation>
    <folder>JPEGImages</folder>
    <filename>2019-12-29_16_30_01_camera_145.jpg</filename>
    <path>/content/gdrive/My Drive/Colab Notebooks/traffic_density_dnn/automl/efficientdet/data/ohgo_cam_test/cam_145/JPEGImages/2019-12-29_16_30_01_camera_145.jpg</path>
    <source>
        <database>Unknown</database>
    </source>
    <size>
        <width>1920</width>
        <height>1080</height>
        <depth>3</depth>
    </size>
    <segmented>0</segmented>
    <object>
        <name>car</name>
        <pose>Unspecified</pose>
        <truncated>0</truncated>
        <difficult>0</difficult>
        <bndbox>
            <xmin>1285.5858</xmin>
            <ymin>314.2273</ymin>
            <xmax>1317.0348</xmax>
            <ymax>350.11963</ymax>
        </bndbox>
    </object>    <object>
        <name>car</name>
        <pose>Unspecified</pose>
        <truncated>0</truncated>
        <difficult>0</difficult>
        <bndbox>
            <xmin>1335.0536</xmin>
            <ymin>361.23105</ymin>
            <xmax>1367.6598</xmax>
            <ymax>392.74533</ymax>
        </bndbox>
    </object>    <object>
        <name>car</name>
        <pose>Unspecified</pose>
        <truncated>0</truncated>
        <difficult>0</difficult>
        <bndbox>
            <xmin>1298.068</xmin>
            <ymin>466.9232</ymin>
            <xmax>1348.7457</xmax>
            <ymax>519.637</ymax>
        </bndbox>
    </object>    <object>
        <name>car</name>
        <pose>Unspecified</pose>
        <truncated>0</truncated>
        <difficult>0</difficult>
        <bndbox>
            <xmin>823.47375</xmin>
            <ymin>380.19614</ymin>
            <xmax>867.0222</xmax>
            <ymax>412.8492</ymax>
        </bndbox>
    </object>    <object>
        <name>car</name>
        <pose>Unspecified</pose>
        <truncated>0</truncated>
        <difficult>0</difficult>
        <bndbox>
            <xmin>1218.6537</xmin>
            <ymin>441.73874</ymin>
            <xmax>1269.371</xmax>
            <ymax>490.63242</ymax>
        </bndbox>
    </object>    <object>
        <name>car</name>
        <pose>Unspecified</pose>
        <truncated>0</truncated>
        <difficult>0</difficult>
        <bndbox>
            <xmin>878.6857</xmin>
            <ymin>386.75403</ymin>
            <xmax>922.0289</xmax>
            <ymax>419.2495</ymax>
        </bndbox>
    </object>    <object>
        <name>car</name>
        <pose>Unspecified</pose>
        <truncated>0</truncated>
        <difficult>0</difficult>
        <bndbox>
            <xmin>274.22253</xmin>
            <ymin>608.5396</ymin>
            <xmax>408.34247</xmax>
            <ymax>692.7819</ymax>
        </bndbox>
    </object>    <object>
        <name>car</name>
        <pose>Unspecified</pose>
        <truncated>0</truncated>
        <difficult>0</difficult>
        <bndbox>
            <xmin>1050.142</xmin>
            <ymin>158.16255</ymin>
            <xmax>1062.9335</xmax>
            <ymax>168.04436</ymax>
        </bndbox>
    </object>
</annotation>
