<annotation>
    <folder>JPEGImages</folder>
    <filename>2019-12-28_09_50_01_camera_145.jpg</filename>
    <path>/content/gdrive/My Drive/Colab Notebooks/traffic_density_dnn/automl/efficientdet/data/ohgo_cam_test/cam_145/JPEGImages/2019-12-28_09_50_01_camera_145.jpg</path>
    <source>
        <database>Unknown</database>
    </source>
    <size>
        <width>1920</width>
        <height>1080</height>
        <depth>3</depth>
    </size>
    <segmented>0</segmented>
    <object>
        <name>car</name>
        <pose>Unspecified</pose>
        <truncated>0</truncated>
        <difficult>0</difficult>
        <bndbox>
            <xmin>491.26553</xmin>
            <ymin>535.47156</ymin>
            <xmax>586.308</xmax>
            <ymax>598.9186</ymax>
        </bndbox>
    </object>    <object>
        <name>car</name>
        <pose>Unspecified</pose>
        <truncated>0</truncated>
        <difficult>0</difficult>
        <bndbox>
            <xmin>821.56006</xmin>
            <ymin>378.7571</ymin>
            <xmax>871.2661</xmax>
            <ymax>411.87827</ymax>
        </bndbox>
    </object>    <object>
        <name>car</name>
        <pose>Unspecified</pose>
        <truncated>0</truncated>
        <difficult>0</difficult>
        <bndbox>
            <xmin>552.06824</xmin>
            <ymin>563.1035</ymin>
            <xmax>642.56946</xmax>
            <ymax>623.9265</ymax>
        </bndbox>
    </object>    <object>
        <name>car</name>
        <pose>Unspecified</pose>
        <truncated>0</truncated>
        <difficult>0</difficult>
        <bndbox>
            <xmin>1222.6365</xmin>
            <ymin>457.54608</ymin>
            <xmax>1272.4443</xmax>
            <ymax>505.58386</ymax>
        </bndbox>
    </object>    <object>
        <name>car</name>
        <pose>Unspecified</pose>
        <truncated>0</truncated>
        <difficult>0</difficult>
        <bndbox>
            <xmin>1031.7167</xmin>
            <ymin>157.7216</ymin>
            <xmax>1045.5082</xmax>
            <ymax>169.28886</ymax>
        </bndbox>
    </object>
</annotation>
