<annotation>
    <folder>JPEGImages</folder>
    <filename>2019-12-30_13_20_01_camera_145.jpg</filename>
    <path>/content/gdrive/My Drive/Colab Notebooks/traffic_density_dnn/automl/efficientdet/data/ohgo_cam_test/cam_145/JPEGImages/2019-12-30_13_20_01_camera_145.jpg</path>
    <source>
        <database>Unknown</database>
    </source>
    <size>
        <width>1920</width>
        <height>1080</height>
        <depth>3</depth>
    </size>
    <segmented>0</segmented>
    <object>
        <name>car</name>
        <pose>Unspecified</pose>
        <truncated>0</truncated>
        <difficult>0</difficult>
        <bndbox>
            <xmin>1289.0598</xmin>
            <ymin>479.9552</ymin>
            <xmax>1340.4707</xmax>
            <ymax>531.8274</ymax>
        </bndbox>
    </object>    <object>
        <name>car</name>
        <pose>Unspecified</pose>
        <truncated>0</truncated>
        <difficult>0</difficult>
        <bndbox>
            <xmin>962.58093</xmin>
            <ymin>368.0993</ymin>
            <xmax>999.92944</xmax>
            <ymax>401.52863</ymax>
        </bndbox>
    </object>    <object>
        <name>car</name>
        <pose>Unspecified</pose>
        <truncated>0</truncated>
        <difficult>0</difficult>
        <bndbox>
            <xmin>1249.8438</xmin>
            <ymin>402.18756</ymin>
            <xmax>1287.127</xmax>
            <ymax>436.5196</ymax>
        </bndbox>
    </object>    <object>
        <name>car</name>
        <pose>Unspecified</pose>
        <truncated>0</truncated>
        <difficult>0</difficult>
        <bndbox>
            <xmin>1121.1846</xmin>
            <ymin>452.7132</ymin>
            <xmax>1178.3997</xmax>
            <ymax>503.62036</ymax>
        </bndbox>
    </object>    <object>
        <name>car</name>
        <pose>Unspecified</pose>
        <truncated>0</truncated>
        <difficult>0</difficult>
        <bndbox>
            <xmin>1191.3594</xmin>
            <ymin>486.45032</ymin>
            <xmax>1246.6089</xmax>
            <ymax>532.45276</ymax>
        </bndbox>
    </object>    <object>
        <name>car</name>
        <pose>Unspecified</pose>
        <truncated>0</truncated>
        <difficult>0</difficult>
        <bndbox>
            <xmin>871.5878</xmin>
            <ymin>341.30725</ymin>
            <xmax>914.81415</xmax>
            <ymax>376.4746</ymax>
        </bndbox>
    </object>    <object>
        <name>car</name>
        <pose>Unspecified</pose>
        <truncated>0</truncated>
        <difficult>0</difficult>
        <bndbox>
            <xmin>546.5916</xmin>
            <ymin>579.58685</ymin>
            <xmax>678.57294</xmax>
            <ymax>668.39435</ymax>
        </bndbox>
    </object>    <object>
        <name>car</name>
        <pose>Unspecified</pose>
        <truncated>0</truncated>
        <difficult>0</difficult>
        <bndbox>
            <xmin>1167.4911</xmin>
            <ymin>599.28845</ymin>
            <xmax>1312.4332</xmax>
            <ymax>784.59814</ymax>
        </bndbox>
    </object>    <object>
        <name>car</name>
        <pose>Unspecified</pose>
        <truncated>0</truncated>
        <difficult>0</difficult>
        <bndbox>
            <xmin>521.06024</xmin>
            <ymin>560.19745</ymin>
            <xmax>634.84467</xmax>
            <ymax>636.41144</ymax>
        </bndbox>
    </object>    <object>
        <name>car</name>
        <pose>Unspecified</pose>
        <truncated>0</truncated>
        <difficult>0</difficult>
        <bndbox>
            <xmin>1001.66534</xmin>
            <ymin>286.3763</ymin>
            <xmax>1030.6484</xmax>
            <ymax>313.5798</ymax>
        </bndbox>
    </object>    <object>
        <name>car</name>
        <pose>Unspecified</pose>
        <truncated>0</truncated>
        <difficult>0</difficult>
        <bndbox>
            <xmin>1061.1094</xmin>
            <ymin>274.6307</ymin>
            <xmax>1087.0076</xmax>
            <ymax>294.6359</ymax>
        </bndbox>
    </object>    <object>
        <name>car</name>
        <pose>Unspecified</pose>
        <truncated>0</truncated>
        <difficult>0</difficult>
        <bndbox>
            <xmin>1073.3145</xmin>
            <ymin>242.30945</ymin>
            <xmax>1096.031</xmax>
            <ymax>261.9987</ymax>
        </bndbox>
    </object>    <object>
        <name>car</name>
        <pose>Unspecified</pose>
        <truncated>0</truncated>
        <difficult>0</difficult>
        <bndbox>
            <xmin>1230.0695</xmin>
            <ymin>172.4109</ymin>
            <xmax>1246.9293</xmax>
            <ymax>186.11934</ymax>
        </bndbox>
    </object>    <object>
        <name>car</name>
        <pose>Unspecified</pose>
        <truncated>0</truncated>
        <difficult>0</difficult>
        <bndbox>
            <xmin>1137.6716</xmin>
            <ymin>146.14449</ymin>
            <xmax>1148.9395</xmax>
            <ymax>154.81523</ymax>
        </bndbox>
    </object>    <object>
        <name>car</name>
        <pose>Unspecified</pose>
        <truncated>0</truncated>
        <difficult>0</difficult>
        <bndbox>
            <xmin>1054.2395</xmin>
            <ymin>160.44063</ymin>
            <xmax>1068.9985</xmax>
            <ymax>172.27745</ymax>
        </bndbox>
    </object>
</annotation>
