<annotation>
    <folder>JPEGImages</folder>
    <filename>2019-12-30_16_40_01_camera_145.jpg</filename>
    <path>/content/gdrive/My Drive/Colab Notebooks/traffic_density_dnn/automl/efficientdet/data/ohgo_cam_test/cam_145/JPEGImages/2019-12-30_16_40_01_camera_145.jpg</path>
    <source>
        <database>Unknown</database>
    </source>
    <size>
        <width>1920</width>
        <height>1080</height>
        <depth>3</depth>
    </size>
    <segmented>0</segmented>
    <object>
        <name>car</name>
        <pose>Unspecified</pose>
        <truncated>0</truncated>
        <difficult>0</difficult>
        <bndbox>
            <xmin>1069.2637</xmin>
            <ymin>506.51758</ymin>
            <xmax>1146.9954</xmax>
            <ymax>570.38586</ymax>
        </bndbox>
    </object>    <object>
        <name>car</name>
        <pose>Unspecified</pose>
        <truncated>0</truncated>
        <difficult>0</difficult>
        <bndbox>
            <xmin>1289.1989</xmin>
            <ymin>518.34973</ymin>
            <xmax>1345.8019</xmax>
            <ymax>571.0364</ymax>
        </bndbox>
    </object>    <object>
        <name>car</name>
        <pose>Unspecified</pose>
        <truncated>0</truncated>
        <difficult>0</difficult>
        <bndbox>
            <xmin>1186.632</xmin>
            <ymin>497.70963</ymin>
            <xmax>1248.1583</xmax>
            <ymax>550.43665</ymax>
        </bndbox>
    </object>    <object>
        <name>car</name>
        <pose>Unspecified</pose>
        <truncated>0</truncated>
        <difficult>0</difficult>
        <bndbox>
            <xmin>702.3263</xmin>
            <ymin>514.806</ymin>
            <xmax>785.69617</xmax>
            <ymax>575.89746</ymax>
        </bndbox>
    </object>    <object>
        <name>car</name>
        <pose>Unspecified</pose>
        <truncated>0</truncated>
        <difficult>0</difficult>
        <bndbox>
            <xmin>1093.838</xmin>
            <ymin>773.85046</ymin>
            <xmax>1223.3778</xmax>
            <ymax>914.1127</ymax>
        </bndbox>
    </object>    <object>
        <name>car</name>
        <pose>Unspecified</pose>
        <truncated>0</truncated>
        <difficult>0</difficult>
        <bndbox>
            <xmin>1201.2734</xmin>
            <ymin>376.5107</ymin>
            <xmax>1239.6453</xmax>
            <ymax>413.68393</ymax>
        </bndbox>
    </object>    <object>
        <name>car</name>
        <pose>Unspecified</pose>
        <truncated>0</truncated>
        <difficult>0</difficult>
        <bndbox>
            <xmin>1183.8575</xmin>
            <ymin>159.98909</ymin>
            <xmax>1197.7994</xmax>
            <ymax>171.10744</ymax>
        </bndbox>
    </object>    <object>
        <name>car</name>
        <pose>Unspecified</pose>
        <truncated>0</truncated>
        <difficult>0</difficult>
        <bndbox>
            <xmin>1029.578</xmin>
            <ymin>308.64218</ymin>
            <xmax>1057.7626</xmax>
            <ymax>330.6799</ymax>
        </bndbox>
    </object>    <object>
        <name>car</name>
        <pose>Unspecified</pose>
        <truncated>0</truncated>
        <difficult>0</difficult>
        <bndbox>
            <xmin>970.73474</xmin>
            <ymin>354.8485</ymin>
            <xmax>1014.2543</xmax>
            <ymax>391.03638</ymax>
        </bndbox>
    </object>    <object>
        <name>car</name>
        <pose>Unspecified</pose>
        <truncated>0</truncated>
        <difficult>0</difficult>
        <bndbox>
            <xmin>926.40106</xmin>
            <ymin>316.32654</ymin>
            <xmax>958.2764</xmax>
            <ymax>341.13007</ymax>
        </bndbox>
    </object>    <object>
        <name>car</name>
        <pose>Unspecified</pose>
        <truncated>0</truncated>
        <difficult>0</difficult>
        <bndbox>
            <xmin>970.13043</xmin>
            <ymin>272.13055</ymin>
            <xmax>998.6558</xmax>
            <ymax>293.84564</ymax>
        </bndbox>
    </object>    <object>
        <name>car</name>
        <pose>Unspecified</pose>
        <truncated>0</truncated>
        <difficult>0</difficult>
        <bndbox>
            <xmin>1231.179</xmin>
            <ymin>304.17175</ymin>
            <xmax>1261.1387</xmax>
            <ymax>331.23694</ymax>
        </bndbox>
    </object>    <object>
        <name>car</name>
        <pose>Unspecified</pose>
        <truncated>0</truncated>
        <difficult>0</difficult>
        <bndbox>
            <xmin>1008.4774</xmin>
            <ymin>287.05496</ymin>
            <xmax>1034.5981</xmax>
            <ymax>308.15134</ymax>
        </bndbox>
    </object>    <object>
        <name>car</name>
        <pose>Unspecified</pose>
        <truncated>0</truncated>
        <difficult>0</difficult>
        <bndbox>
            <xmin>1027.198</xmin>
            <ymin>205.08598</ymin>
            <xmax>1046.0537</xmax>
            <ymax>219.15245</ymax>
        </bndbox>
    </object>
</annotation>
