<annotation>
    <folder>JPEGImages</folder>
    <filename>2019-12-30_12_50_01_camera_145.jpg</filename>
    <path>/content/gdrive/My Drive/Colab Notebooks/traffic_density_dnn/automl/efficientdet/data/ohgo_cam_test/cam_145/JPEGImages/2019-12-30_12_50_01_camera_145.jpg</path>
    <source>
        <database>Unknown</database>
    </source>
    <size>
        <width>1920</width>
        <height>1080</height>
        <depth>3</depth>
    </size>
    <segmented>0</segmented>
    <object>
        <name>car</name>
        <pose>Unspecified</pose>
        <truncated>0</truncated>
        <difficult>0</difficult>
        <bndbox>
            <xmin>1152.5049</xmin>
            <ymin>720.5946</ymin>
            <xmax>1269.1311</xmax>
            <ymax>838.1499</ymax>
        </bndbox>
    </object>    <object>
        <name>car</name>
        <pose>Unspecified</pose>
        <truncated>0</truncated>
        <difficult>0</difficult>
        <bndbox>
            <xmin>1117.6552</xmin>
            <ymin>437.18106</ymin>
            <xmax>1288.2399</xmax>
            <ymax>647.8009</ymax>
        </bndbox>
    </object>    <object>
        <name>car</name>
        <pose>Unspecified</pose>
        <truncated>0</truncated>
        <difficult>0</difficult>
        <bndbox>
            <xmin>967.8962</xmin>
            <ymin>584.8025</ymin>
            <xmax>1076.2625</xmax>
            <ymax>675.35815</ymax>
        </bndbox>
    </object>    <object>
        <name>car</name>
        <pose>Unspecified</pose>
        <truncated>0</truncated>
        <difficult>0</difficult>
        <bndbox>
            <xmin>1253.406</xmin>
            <ymin>294.9855</ymin>
            <xmax>1282.7727</xmax>
            <ymax>326.17</ymax>
        </bndbox>
    </object>    <object>
        <name>car</name>
        <pose>Unspecified</pose>
        <truncated>0</truncated>
        <difficult>0</difficult>
        <bndbox>
            <xmin>612.6368</xmin>
            <ymin>862.651</ymin>
            <xmax>798.22626</xmax>
            <ymax>998.40564</ymax>
        </bndbox>
    </object>    <object>
        <name>car</name>
        <pose>Unspecified</pose>
        <truncated>0</truncated>
        <difficult>0</difficult>
        <bndbox>
            <xmin>620.7033</xmin>
            <ymin>517.9803</ymin>
            <xmax>712.62714</xmax>
            <ymax>584.97894</ymax>
        </bndbox>
    </object>    <object>
        <name>car</name>
        <pose>Unspecified</pose>
        <truncated>0</truncated>
        <difficult>0</difficult>
        <bndbox>
            <xmin>1051.4243</xmin>
            <ymin>151.9417</ymin>
            <xmax>1063.8176</xmax>
            <ymax>162.58461</ymax>
        </bndbox>
    </object>    <object>
        <name>car</name>
        <pose>Unspecified</pose>
        <truncated>0</truncated>
        <difficult>0</difficult>
        <bndbox>
            <xmin>1226.8776</xmin>
            <ymin>235.36151</ymin>
            <xmax>1247.4562</xmax>
            <ymax>254.24805</ymax>
        </bndbox>
    </object>
</annotation>
