<annotation>
    <folder>JPEGImages</folder>
    <filename>2019-12-28_09_30_01_camera_145.jpg</filename>
    <path>/content/gdrive/My Drive/Colab Notebooks/traffic_density_dnn/automl/efficientdet/data/ohgo_cam_test/cam_145/JPEGImages/2019-12-28_09_30_01_camera_145.jpg</path>
    <source>
        <database>Unknown</database>
    </source>
    <size>
        <width>1920</width>
        <height>1080</height>
        <depth>3</depth>
    </size>
    <segmented>0</segmented>
    <object>
        <name>car</name>
        <pose>Unspecified</pose>
        <truncated>0</truncated>
        <difficult>0</difficult>
        <bndbox>
            <xmin>136.71506</xmin>
            <ymin>664.4574</ymin>
            <xmax>295.54807</xmax>
            <ymax>760.84766</ymax>
        </bndbox>
    </object>    <object>
        <name>car</name>
        <pose>Unspecified</pose>
        <truncated>0</truncated>
        <difficult>0</difficult>
        <bndbox>
            <xmin>946.4464</xmin>
            <ymin>332.90573</ymin>
            <xmax>981.7958</xmax>
            <ymax>362.26608</ymax>
        </bndbox>
    </object>    <object>
        <name>car</name>
        <pose>Unspecified</pose>
        <truncated>0</truncated>
        <difficult>0</difficult>
        <bndbox>
            <xmin>1341.8253</xmin>
            <ymin>319.6247</ymin>
            <xmax>1372.903</xmax>
            <ymax>349.224</ymax>
        </bndbox>
    </object>    <object>
        <name>car</name>
        <pose>Unspecified</pose>
        <truncated>0</truncated>
        <difficult>0</difficult>
        <bndbox>
            <xmin>974.0835</xmin>
            <ymin>364.22845</ymin>
            <xmax>1016.98</xmax>
            <ymax>394.15564</ymax>
        </bndbox>
    </object>    <object>
        <name>car</name>
        <pose>Unspecified</pose>
        <truncated>0</truncated>
        <difficult>0</difficult>
        <bndbox>
            <xmin>1065.956</xmin>
            <ymin>597.7248</ymin>
            <xmax>1174.345</xmax>
            <ymax>702.0999</ymax>
        </bndbox>
    </object>    <object>
        <name>car</name>
        <pose>Unspecified</pose>
        <truncated>0</truncated>
        <difficult>0</difficult>
        <bndbox>
            <xmin>623.9778</xmin>
            <ymin>495.42343</ymin>
            <xmax>734.45703</xmax>
            <ymax>570.64746</ymax>
        </bndbox>
    </object>    <object>
        <name>car</name>
        <pose>Unspecified</pose>
        <truncated>0</truncated>
        <difficult>0</difficult>
        <bndbox>
            <xmin>1024.8464</xmin>
            <ymin>314.94363</ymin>
            <xmax>1056.7351</xmax>
            <ymax>341.33182</ymax>
        </bndbox>
    </object>
</annotation>
