<annotation>
    <folder>JPEGImages</folder>
    <filename>2019-12-28_12_10_01_camera_145.jpg</filename>
    <path>/content/gdrive/My Drive/Colab Notebooks/traffic_density_dnn/automl/efficientdet/data/ohgo_cam_test/cam_145/JPEGImages/2019-12-28_12_10_01_camera_145.jpg</path>
    <source>
        <database>Unknown</database>
    </source>
    <size>
        <width>1920</width>
        <height>1080</height>
        <depth>3</depth>
    </size>
    <segmented>0</segmented>
    <object>
        <name>car</name>
        <pose>Unspecified</pose>
        <truncated>0</truncated>
        <difficult>0</difficult>
        <bndbox>
            <xmin>651.6956</xmin>
            <ymin>504.7665</ymin>
            <xmax>728.29095</xmax>
            <ymax>555.1007</ymax>
        </bndbox>
    </object>    <object>
        <name>car</name>
        <pose>Unspecified</pose>
        <truncated>0</truncated>
        <difficult>0</difficult>
        <bndbox>
            <xmin>1327.343</xmin>
            <ymin>386.4847</ymin>
            <xmax>1364.9858</xmax>
            <ymax>426.10306</ymax>
        </bndbox>
    </object>    <object>
        <name>car</name>
        <pose>Unspecified</pose>
        <truncated>0</truncated>
        <difficult>0</difficult>
        <bndbox>
            <xmin>1266.1877</xmin>
            <ymin>247.35193</ymin>
            <xmax>1315.3765</xmax>
            <ymax>332.55792</ymax>
        </bndbox>
    </object>    <object>
        <name>car</name>
        <pose>Unspecified</pose>
        <truncated>0</truncated>
        <difficult>0</difficult>
        <bndbox>
            <xmin>1233.9133</xmin>
            <ymin>418.6778</ymin>
            <xmax>1276.5234</xmax>
            <ymax>457.53943</ymax>
        </bndbox>
    </object>    <object>
        <name>car</name>
        <pose>Unspecified</pose>
        <truncated>0</truncated>
        <difficult>0</difficult>
        <bndbox>
            <xmin>1029.6501</xmin>
            <ymin>566.411</ymin>
            <xmax>1103.2908</xmax>
            <ymax>627.2169</ymax>
        </bndbox>
    </object>    <object>
        <name>car</name>
        <pose>Unspecified</pose>
        <truncated>0</truncated>
        <difficult>0</difficult>
        <bndbox>
            <xmin>659.22363</xmin>
            <ymin>400.40894</ymin>
            <xmax>741.48083</xmax>
            <ymax>456.9463</ymax>
        </bndbox>
    </object>    <object>
        <name>car</name>
        <pose>Unspecified</pose>
        <truncated>0</truncated>
        <difficult>0</difficult>
        <bndbox>
            <xmin>901.6383</xmin>
            <ymin>369.73132</ymin>
            <xmax>943.2407</xmax>
            <ymax>402.8623</ymax>
        </bndbox>
    </object>    <object>
        <name>car</name>
        <pose>Unspecified</pose>
        <truncated>0</truncated>
        <difficult>0</difficult>
        <bndbox>
            <xmin>1144.1494</xmin>
            <ymin>583.66797</ymin>
            <xmax>1218.1575</xmax>
            <ymax>649.027</ymax>
        </bndbox>
    </object>    <object>
        <name>car</name>
        <pose>Unspecified</pose>
        <truncated>0</truncated>
        <difficult>0</difficult>
        <bndbox>
            <xmin>1030.9344</xmin>
            <ymin>156.84445</ymin>
            <xmax>1047.275</xmax>
            <ymax>172.58063</ymax>
        </bndbox>
    </object>    <object>
        <name>car</name>
        <pose>Unspecified</pose>
        <truncated>0</truncated>
        <difficult>0</difficult>
        <bndbox>
            <xmin>1153.747</xmin>
            <ymin>138.80217</ymin>
            <xmax>1165.722</xmax>
            <ymax>148.55885</ymax>
        </bndbox>
    </object>
</annotation>
