<annotation>
    <folder>JPEGImages</folder>
    <filename>2019-12-28_12_50_02_camera_145.jpg</filename>
    <path>/content/gdrive/My Drive/Colab Notebooks/traffic_density_dnn/automl/efficientdet/data/ohgo_cam_test/cam_145/JPEGImages/2019-12-28_12_50_02_camera_145.jpg</path>
    <source>
        <database>Unknown</database>
    </source>
    <size>
        <width>1920</width>
        <height>1080</height>
        <depth>3</depth>
    </size>
    <segmented>0</segmented>
    <object>
        <name>car</name>
        <pose>Unspecified</pose>
        <truncated>0</truncated>
        <difficult>0</difficult>
        <bndbox>
            <xmin>1276.113</xmin>
            <ymin>543.0132</ymin>
            <xmax>1351.4309</xmax>
            <ymax>612.58936</ymax>
        </bndbox>
    </object>    <object>
        <name>car</name>
        <pose>Unspecified</pose>
        <truncated>0</truncated>
        <difficult>0</difficult>
        <bndbox>
            <xmin>917.6885</xmin>
            <ymin>314.20956</ymin>
            <xmax>954.6741</xmax>
            <ymax>343.52646</ymax>
        </bndbox>
    </object>    <object>
        <name>car</name>
        <pose>Unspecified</pose>
        <truncated>0</truncated>
        <difficult>0</difficult>
        <bndbox>
            <xmin>997.4909</xmin>
            <ymin>474.40543</ymin>
            <xmax>1149.4229</xmax>
            <ymax>633.47064</ymax>
        </bndbox>
    </object>    <object>
        <name>car</name>
        <pose>Unspecified</pose>
        <truncated>0</truncated>
        <difficult>0</difficult>
        <bndbox>
            <xmin>1022.65405</xmin>
            <ymin>658.223</ymin>
            <xmax>1141.8257</xmax>
            <ymax>772.0205</ymax>
        </bndbox>
    </object>    <object>
        <name>car</name>
        <pose>Unspecified</pose>
        <truncated>0</truncated>
        <difficult>0</difficult>
        <bndbox>
            <xmin>656.7403</xmin>
            <ymin>869.1131</ymin>
            <xmax>824.3919</xmax>
            <ymax>991.16</ymax>
        </bndbox>
    </object>    <object>
        <name>car</name>
        <pose>Unspecified</pose>
        <truncated>0</truncated>
        <difficult>0</difficult>
        <bndbox>
            <xmin>1074.1133</xmin>
            <ymin>244.78143</ymin>
            <xmax>1098.7471</xmax>
            <ymax>272.14667</ymax>
        </bndbox>
    </object>    <object>
        <name>car</name>
        <pose>Unspecified</pose>
        <truncated>0</truncated>
        <difficult>0</difficult>
        <bndbox>
            <xmin>1006.7148</xmin>
            <ymin>288.95016</ymin>
            <xmax>1033.7507</xmax>
            <ymax>311.74368</ymax>
        </bndbox>
    </object>
</annotation>
