<annotation>
    <folder>JPEGImages</folder>
    <filename>2019-12-28_12_30_01_camera_145.jpg</filename>
    <path>/content/gdrive/My Drive/Colab Notebooks/traffic_density_dnn/automl/efficientdet/data/ohgo_cam_test/cam_145/JPEGImages/2019-12-28_12_30_01_camera_145.jpg</path>
    <source>
        <database>Unknown</database>
    </source>
    <size>
        <width>1920</width>
        <height>1080</height>
        <depth>3</depth>
    </size>
    <segmented>0</segmented>
    <object>
        <name>car</name>
        <pose>Unspecified</pose>
        <truncated>0</truncated>
        <difficult>0</difficult>
        <bndbox>
            <xmin>1107.4208</xmin>
            <ymin>466.57895</ymin>
            <xmax>1168.2333</xmax>
            <ymax>521.4911</ymax>
        </bndbox>
    </object>    <object>
        <name>car</name>
        <pose>Unspecified</pose>
        <truncated>0</truncated>
        <difficult>0</difficult>
        <bndbox>
            <xmin>1203.6266</xmin>
            <ymin>357.56525</ymin>
            <xmax>1237.7931</xmax>
            <ymax>389.88013</ymax>
        </bndbox>
    </object>    <object>
        <name>car</name>
        <pose>Unspecified</pose>
        <truncated>0</truncated>
        <difficult>0</difficult>
        <bndbox>
            <xmin>880.2161</xmin>
            <ymin>374.0558</ymin>
            <xmax>931.40533</xmax>
            <ymax>416.252</ymax>
        </bndbox>
    </object>    <object>
        <name>car</name>
        <pose>Unspecified</pose>
        <truncated>0</truncated>
        <difficult>0</difficult>
        <bndbox>
            <xmin>1234.3165</xmin>
            <ymin>434.92276</ymin>
            <xmax>1279.2545</xmax>
            <ymax>476.1998</ymax>
        </bndbox>
    </object>    <object>
        <name>car</name>
        <pose>Unspecified</pose>
        <truncated>0</truncated>
        <difficult>0</difficult>
        <bndbox>
            <xmin>759.3995</xmin>
            <ymin>923.00287</ymin>
            <xmax>922.8649</xmax>
            <ymax>1058.6088</ymax>
        </bndbox>
    </object>    <object>
        <name>car</name>
        <pose>Unspecified</pose>
        <truncated>0</truncated>
        <difficult>0</difficult>
        <bndbox>
            <xmin>1282.8932</xmin>
            <ymin>350.25787</ymin>
            <xmax>1314.8883</xmax>
            <ymax>379.34906</ymax>
        </bndbox>
    </object>    <object>
        <name>car</name>
        <pose>Unspecified</pose>
        <truncated>0</truncated>
        <difficult>0</difficult>
        <bndbox>
            <xmin>564.4072</xmin>
            <ymin>463.3487</ymin>
            <xmax>644.9348</xmax>
            <ymax>518.4571</ymax>
        </bndbox>
    </object>    <object>
        <name>car</name>
        <pose>Unspecified</pose>
        <truncated>0</truncated>
        <difficult>0</difficult>
        <bndbox>
            <xmin>921.8272</xmin>
            <ymin>643.33514</ymin>
            <xmax>1034.1398</xmax>
            <ymax>725.85895</ymax>
        </bndbox>
    </object>    <object>
        <name>car</name>
        <pose>Unspecified</pose>
        <truncated>0</truncated>
        <difficult>0</difficult>
        <bndbox>
            <xmin>1122.2124</xmin>
            <ymin>994.25555</ymin>
            <xmax>1272.0906</xmax>
            <ymax>1080.0</ymax>
        </bndbox>
    </object>    <object>
        <name>car</name>
        <pose>Unspecified</pose>
        <truncated>0</truncated>
        <difficult>0</difficult>
        <bndbox>
            <xmin>1249.4773</xmin>
            <ymin>222.04808</ymin>
            <xmax>1270.3015</xmax>
            <ymax>236.4182</ymax>
        </bndbox>
    </object>    <object>
        <name>car</name>
        <pose>Unspecified</pose>
        <truncated>0</truncated>
        <difficult>0</difficult>
        <bndbox>
            <xmin>1326.2769</xmin>
            <ymin>297.4703</ymin>
            <xmax>1351.9897</xmax>
            <ymax>318.9141</ymax>
        </bndbox>
    </object>    <object>
        <name>car</name>
        <pose>Unspecified</pose>
        <truncated>0</truncated>
        <difficult>0</difficult>
        <bndbox>
            <xmin>1258.6136</xmin>
            <ymin>178.56207</ymin>
            <xmax>1302.6849</xmax>
            <ymax>225.73248</ymax>
        </bndbox>
    </object>    <object>
        <name>car</name>
        <pose>Unspecified</pose>
        <truncated>0</truncated>
        <difficult>0</difficult>
        <bndbox>
            <xmin>1178.1919</xmin>
            <ymin>175.67049</ymin>
            <xmax>1191.0359</xmax>
            <ymax>186.27397</ymax>
        </bndbox>
    </object>
</annotation>
