<annotation>
    <folder>JPEGImages</folder>
    <filename>2019-12-28_12_15_01_camera_145.jpg</filename>
    <path>/content/gdrive/My Drive/Colab Notebooks/traffic_density_dnn/automl/efficientdet/data/ohgo_cam_test/cam_145/JPEGImages/2019-12-28_12_15_01_camera_145.jpg</path>
    <source>
        <database>Unknown</database>
    </source>
    <size>
        <width>1920</width>
        <height>1080</height>
        <depth>3</depth>
    </size>
    <segmented>0</segmented>
    <object>
        <name>car</name>
        <pose>Unspecified</pose>
        <truncated>0</truncated>
        <difficult>0</difficult>
        <bndbox>
            <xmin>342.79962</xmin>
            <ymin>626.8994</ymin>
            <xmax>477.07922</xmax>
            <ymax>716.609</ymax>
        </bndbox>
    </object>    <object>
        <name>car</name>
        <pose>Unspecified</pose>
        <truncated>0</truncated>
        <difficult>0</difficult>
        <bndbox>
            <xmin>754.22925</xmin>
            <ymin>416.7295</ymin>
            <xmax>809.1421</xmax>
            <ymax>455.33057</ymax>
        </bndbox>
    </object>    <object>
        <name>car</name>
        <pose>Unspecified</pose>
        <truncated>0</truncated>
        <difficult>0</difficult>
        <bndbox>
            <xmin>463.37988</xmin>
            <ymin>549.3704</ymin>
            <xmax>572.72437</xmax>
            <ymax>619.27423</ymax>
        </bndbox>
    </object>    <object>
        <name>car</name>
        <pose>Unspecified</pose>
        <truncated>0</truncated>
        <difficult>0</difficult>
        <bndbox>
            <xmin>878.94135</xmin>
            <ymin>382.6741</ymin>
            <xmax>928.57587</xmax>
            <ymax>422.10965</ymax>
        </bndbox>
    </object>    <object>
        <name>car</name>
        <pose>Unspecified</pose>
        <truncated>0</truncated>
        <difficult>0</difficult>
        <bndbox>
            <xmin>0.0</xmin>
            <ymin>701.5141</ymin>
            <xmax>124.34348</xmax>
            <ymax>816.4544</ymax>
        </bndbox>
    </object>    <object>
        <name>car</name>
        <pose>Unspecified</pose>
        <truncated>0</truncated>
        <difficult>0</difficult>
        <bndbox>
            <xmin>1250.9882</xmin>
            <ymin>222.28017</ymin>
            <xmax>1269.2413</xmax>
            <ymax>236.00426</ymax>
        </bndbox>
    </object>
</annotation>
