<annotation>
    <folder>JPEGImages</folder>
    <filename>2019-12-28_10_45_01_camera_145.jpg</filename>
    <path>/content/gdrive/My Drive/Colab Notebooks/traffic_density_dnn/automl/efficientdet/data/ohgo_cam_test/cam_145/JPEGImages/2019-12-28_10_45_01_camera_145.jpg</path>
    <source>
        <database>Unknown</database>
    </source>
    <size>
        <width>1920</width>
        <height>1080</height>
        <depth>3</depth>
    </size>
    <segmented>0</segmented>
    <object>
        <name>car</name>
        <pose>Unspecified</pose>
        <truncated>0</truncated>
        <difficult>0</difficult>
        <bndbox>
            <xmin>1333.8915</xmin>
            <ymin>305.98358</ymin>
            <xmax>1361.5529</xmax>
            <ymax>334.61523</ymax>
        </bndbox>
    </object>    <object>
        <name>car</name>
        <pose>Unspecified</pose>
        <truncated>0</truncated>
        <difficult>0</difficult>
        <bndbox>
            <xmin>1315.5647</xmin>
            <ymin>480.40164</ymin>
            <xmax>1369.6621</xmax>
            <ymax>532.98035</ymax>
        </bndbox>
    </object>    <object>
        <name>car</name>
        <pose>Unspecified</pose>
        <truncated>0</truncated>
        <difficult>0</difficult>
        <bndbox>
            <xmin>911.1317</xmin>
            <ymin>779.30505</ymin>
            <xmax>1052.8922</xmax>
            <ymax>889.3253</ymax>
        </bndbox>
    </object>    <object>
        <name>car</name>
        <pose>Unspecified</pose>
        <truncated>0</truncated>
        <difficult>0</difficult>
        <bndbox>
            <xmin>1057.9425</xmin>
            <ymin>168.23145</ymin>
            <xmax>1070.9142</xmax>
            <ymax>179.27075</ymax>
        </bndbox>
    </object>    <object>
        <name>car</name>
        <pose>Unspecified</pose>
        <truncated>0</truncated>
        <difficult>0</difficult>
        <bndbox>
            <xmin>1068.3783</xmin>
            <ymin>268.53738</ymin>
            <xmax>1094.463</xmax>
            <ymax>292.2615</ymax>
        </bndbox>
    </object>
</annotation>
